Date,Mu2Ch12,Mu2Ch13,Mu2Ch23,Icorr213,Icorr212,Icorr223
2022-06-24 03:00:00+00:00,19564,10121,20360,10103,19534,20326
2022-06-24 04:00:00+00:00,19499,10149,20460,10134,19474,20432
2022-06-24 05:00:00+00:00,19230,9870,20169,9857,19209,20145
2022-06-24 06:00:00+00:00,19763,10296,20388,10283,19741,20363
2022-06-24 07:00:00+00:00,19555,10161,20375,10150,19537,20355
2022-06-24 08:00:00+00:00,19651,10027,20401,10016,19633,20381
2022-06-24 09:00:00+00:00,19526,10177,20545,10166,19508,20525
2022-06-24 10:00:00+00:00,19552,10184,20328,10172,19532,20306
2022-06-24 11:00:00+00:00,19802,10220,20589,10207,19780,20564
2022-06-24 12:00:00+00:00,19745,10244,20678,10231,19724,20654
2022-06-24 13:00:00+00:00,19764,10200,20509,10187,19743,20485
2022-06-24 14:00:00+00:00,19650,10204,20547,10195,19635,20530
2022-06-24 15:00:00+00:00,19739,10166,20331,10159,19727,20318
2022-06-24 16:00:00+00:00,19739,10268,20514,10261,19728,20502
2022-06-24 17:00:00+00:00,19658,10245,20505,10235,19642,20487
2022-06-24 18:00:00+00:00,19650,10185,20405,10174,19631,20384
2022-06-24 19:00:00+00:00,19485,10040,20243,10028,19464,20220
2022-06-24 20:00:00+00:00,19674,10320,20509,10308,19654,20486
2022-06-24 21:00:00+00:00,19687,10169,20502,10156,19665,20477
2022-06-24 22:00:00+00:00,19776,10330,20881,10315,19752,20853
2022-06-24 23:00:00+00:00,19517,10231,20525,10214,19488,20492
2022-06-25 00:00:00+00:00,19583,10113,20604,10093,19550,20566
2022-06-25 01:00:00+00:00,19501,10086,20314,10065,19465,20273
2022-06-25 02:00:00+00:00,19577,10181,20434,10165,19550,20403
2022-06-25 03:00:00+00:00,19510,10076,20416,10062,19487,20390
2022-06-25 04:00:00+00:00,19669,10105,20318,10093,19649,20296
2022-06-25 05:00:00+00:00,19649,10326,20695,10318,19636,20680
2022-06-25 06:00:00+00:00,19411,10085,20173,10079,19400,20161
2022-06-25 07:00:00+00:00,19462,10008,20359,10000,19449,20345
2022-06-25 08:00:00+00:00,19628,10361,20711,10353,19615,20696
2022-06-25 09:00:00+00:00,19692,10110,20328,10104,19681,20316
2022-06-25 10:00:00+00:00,19844,10315,20469,10307,19830,20453
2022-06-25 11:00:00+00:00,19335,9905,20326,9897,19323,20312
2022-06-25 12:00:00+00:00,19707,10255,20537,10248,19696,20525
2022-06-25 13:00:00+00:00,19563,10207,20485,10203,19556,20478
2022-06-25 14:00:00+00:00,19501,10042,20330,10040,19499,20327
2022-06-25 15:00:00+00:00,19626,10091,20429,10091,19626,20429
2022-06-25 16:00:00+00:00,19692,10146,20402,10146,19693,20403
2022-06-25 17:00:00+00:00,19633,10194,20439,10194,19633,20439
2022-06-25 18:00:00+00:00,19760,10203,20707,10198,19752,20698
2022-06-25 19:00:00+00:00,19722,10119,20457,10114,19714,20448
2022-06-25 20:00:00+00:00,19466,10106,20458,10101,19458,20449
2022-06-25 21:00:00+00:00,19428,10068,20223,10062,19417,20211
2022-06-25 22:00:00+00:00,19631,10237,20512,10230,19619,20499
2022-06-25 23:00:00+00:00,19712,10245,20507,10236,19697,20490
2022-06-26 00:00:00+00:00,19549,10090,20226,10079,19530,20205
2022-06-26 01:00:00+00:00,19568,10157,20538,10146,19549,20517
2022-06-26 02:00:00+00:00,19565,10181,20290,10172,19550,20273
2022-06-26 03:00:00+00:00,19296,10000,20222,9994,19287,20211
2022-06-26 04:00:00+00:00,19399,10030,20371,10027,19394,20365
2022-06-26 05:00:00+00:00,19341,9970,19886,9970,19342,19887
2022-06-26 06:00:00+00:00,19135,9937,20246,9942,19143,20256
2022-06-26 07:00:00+00:00,19786,10315,20539,10320,19795,20549
2022-06-26 08:00:00+00:00,19422,10050,20305,10053,19428,20311
2022-06-26 09:00:00+00:00,19347,10184,20357,10188,19355,20366
2022-06-26 10:00:00+00:00,19559,10084,20322,10087,19565,20328
2022-06-26 11:00:00+00:00,19620,10157,20388,10159,19624,20392
2022-06-26 12:00:00+00:00,19404,10021,20319,10025,19411,20327
2022-06-26 13:00:00+00:00,19283,10004,20318,10009,19293,20329
2022-06-26 14:00:00+00:00,19421,9944,20063,9952,19436,20080
2022-06-26 15:00:00+00:00,19514,10119,20368,10129,19532,20388
2022-06-26 16:00:00+00:00,19688,10132,20388,10142,19705,20407
2022-06-26 17:00:00+00:00,19527,10107,20356,10116,19542,20373
2022-06-26 18:00:00+00:00,19538,10237,20502,10244,19551,20517
2022-06-26 19:00:00+00:00,19291,9855,19920,9863,19305,19935
2022-06-26 20:00:00+00:00,19250,10103,20101,10110,19263,20115
2022-06-26 21:00:00+00:00,19186,9963,20194,9968,19195,20205
2022-06-26 22:00:00+00:00,19302,9992,20243,9994,19306,20247
2022-06-26 23:00:00+00:00,19262,10012,20175,10012,19262,20175
2022-06-27 00:00:00+00:00,19347,9999,20248,9997,19345,20245
2022-06-27 01:00:00+00:00,19383,10132,20138,10129,19379,20133
2022-06-27 02:00:00+00:00,19227,10005,20232,10006,19229,20234
2022-06-27 03:00:00+00:00,19300,9968,20290,9972,19308,20299
2022-06-27 04:00:00+00:00,19363,10045,20120,10053,19378,20137
2022-06-27 05:00:00+00:00,19022,9824,19993,9838,19046,20021
2022-06-27 06:00:00+00:00,19068,9823,20093,9841,19098,20128
2022-06-27 07:00:00+00:00,19129,9899,20113,9917,19159,20148
2022-06-27 08:00:00+00:00,19360,9932,20134,9949,19390,20168
2022-06-27 09:00:00+00:00,19230,9937,20054,9954,19258,20087
2022-06-27 10:00:00+00:00,19181,9900,20129,9915,19207,20159
2022-06-27 11:00:00+00:00,19380,10158,20232,10173,19406,20261
2022-06-27 12:00:00+00:00,19328,9937,19914,9951,19353,19942
2022-06-27 13:00:00+00:00,19522,10137,20273,10152,19547,20301
2022-06-27 14:00:00+00:00,19322,9916,20285,9930,19347,20313
2022-06-27 15:00:00+00:00,19212,9959,20086,9973,19235,20113
2022-06-27 16:00:00+00:00,19197,9988,20205,10002,19221,20233
2022-06-27 17:00:00+00:00,19230,9866,20057,9880,19253,20084
2022-06-27 18:00:00+00:00,19052,9970,20119,9982,19072,20143
2022-06-27 19:00:00+00:00,19293,9989,20286,10000,19312,20307
2022-06-27 20:00:00+00:00,18804,9721,19839,9730,18820,19858
2022-06-27 21:00:00+00:00,19412,9935,20077,9943,19427,20094
2022-06-27 22:00:00+00:00,18932,9867,20018,9873,18942,20030
2022-06-27 23:00:00+00:00,19221,9995,20001,9999,19229,20010
2022-06-28 00:00:00+00:00,19202,9971,19929,9972,19205,19932
2022-06-28 01:00:00+00:00,19017,9925,20206,9926,19019,20208
2022-06-28 02:00:00+00:00,19034,9924,19932,9926,19037,19936
2022-06-28 03:00:00+00:00,19160,9869,19747,9876,19171,19760
2022-06-28 04:00:00+00:00,18997,9868,20035,9877,19012,20053
2022-06-28 05:00:00+00:00,18997,9771,19761,9782,19016,19783
2022-06-28 06:00:00+00:00,19264,9905,19914,9919,19288,19941
2022-06-28 07:00:00+00:00,19218,9917,19948,9930,19240,19974
2022-06-28 08:00:00+00:00,19379,10029,20143,10042,19401,20168
2022-06-28 09:00:00+00:00,19148,9848,19843,9862,19171,19870
2022-06-28 10:00:00+00:00,18984,9853,19781,9863,19001,19801
2022-06-28 11:00:00+00:00,19414,10115,20209,10126,19433,20230
2022-06-28 12:00:00+00:00,19299,9988,19977,9998,19316,19996
2022-06-28 13:00:00+00:00,19383,9960,20154,9970,19401,20174
2022-06-28 14:00:00+00:00,19281,9911,20068,9922,19300,20089
2022-06-28 15:00:00+00:00,19106,9886,20107,9900,19129,20134
2022-06-28 16:00:00+00:00,19224,9823,19926,9838,19249,19955
2022-06-28 17:00:00+00:00,19081,9871,20306,9885,19104,20333
2022-06-28 18:00:00+00:00,19354,10076,20338,10089,19377,20364
2022-06-28 19:00:00+00:00,19293,9961,20334,9973,19314,20358
2022-06-28 20:00:00+00:00,19193,9982,19911,9993,19212,19933
2022-06-28 21:00:00+00:00,19005,9903,19991,9911,19019,20008
2022-06-28 22:00:00+00:00,19300,9969,20155,9976,19312,20168
2022-06-28 23:00:00+00:00,19136,10057,20192,10062,19145,20203
2022-06-29 00:00:00+00:00,19130,9954,20173,9957,19135,20179
2022-06-29 01:00:00+00:00,18992,9937,19933,9937,18993,19934
2022-06-29 02:00:00+00:00,19029,9760,19671,9762,19032,19675
2022-06-29 03:00:00+00:00,19316,10059,20177,10064,19325,20187
2022-06-29 04:00:00+00:00,19130,9963,19956,9971,19143,19971
2022-06-29 05:00:00+00:00,19245,10013,19948,10025,19265,19971
2022-06-29 06:00:00+00:00,19120,10025,20038,10038,19142,20064
2022-06-29 07:00:00+00:00,18820,9600,19742,9612,18841,19766
2022-06-29 08:00:00+00:00,19298,9962,19991,9975,19320,20016
2022-06-29 09:00:00+00:00,19318,10017,20215,10030,19340,20240
2022-06-29 10:00:00+00:00,19252,9880,19975,9891,19271,19996
2022-06-29 11:00:00+00:00,19343,9996,20143,10006,19361,20163
2022-06-29 12:00:00+00:00,19118,9966,20179,9978,19138,20203
2022-06-29 13:00:00+00:00,19392,9994,20075,10009,19418,20104
2022-06-29 14:00:00+00:00,19405,9911,19943,9926,19432,19973
2022-06-29 15:00:00+00:00,19417,10138,20342,10156,19448,20377
2022-06-29 16:00:00+00:00,19227,10022,20204,10041,19258,20240
2022-06-29 17:00:00+00:00,19268,10010,20176,10027,19297,20209
2022-06-29 18:00:00+00:00,19432,9996,20241,10012,19460,20273
2022-06-29 19:00:00+00:00,19279,9999,20167,10014,19305,20196
2022-06-29 20:00:00+00:00,19255,9972,20101,9988,19282,20132
2022-06-29 21:00:00+00:00,19139,9883,20180,9896,19161,20206
2022-06-29 22:00:00+00:00,19275,9972,20038,9982,19292,20057
2022-06-29 23:00:00+00:00,19379,10095,20239,10101,19390,20251
2022-06-30 00:00:00+00:00,18943,9840,20069,9844,18950,20078
2022-06-30 01:00:00+00:00,19281,9848,20041,9850,19285,20045
2022-06-30 02:00:00+00:00,19193,9880,20123,9883,19199,20129
2022-06-30 03:00:00+00:00,19256,9949,19994,9955,19267,20006
2022-06-30 04:00:00+00:00,19156,9987,20031,9998,19174,20052
2022-06-30 05:00:00+00:00,19002,9861,19894,9877,19029,19925
2022-06-30 06:00:00+00:00,19276,10006,20073,10026,19310,20111
2022-06-30 07:00:00+00:00,19237,9900,20096,9917,19265,20129
2022-06-30 08:00:00+00:00,19234,9923,20104,9938,19259,20133
2022-06-30 09:00:00+00:00,19163,9993,20025,10007,19187,20053
2022-06-30 10:00:00+00:00,19436,10125,20318,10138,19459,20344
2022-06-30 11:00:00+00:00,19547,10148,20355,10161,19569,20380
2022-06-30 12:00:00+00:00,19245,9826,20221,9841,19270,20250
2022-06-30 13:00:00+00:00,19166,9950,20122,9966,19193,20154
2022-06-30 14:00:00+00:00,19514,10084,20308,10103,19547,20346
2022-06-30 15:00:00+00:00,19325,10024,20244,10044,19359,20283
2022-06-30 16:00:00+00:00,19543,10019,20210,10038,19575,20246
2022-06-30 17:00:00+00:00,19522,10053,20285,10070,19552,20319
2022-06-30 18:00:00+00:00,19458,10098,20250,10114,19486,20282
2022-06-30 19:00:00+00:00,19213,9881,19763,9896,19238,19792
2022-06-30 20:00:00+00:00,19579,10050,20372,10063,19601,20397
2022-06-30 21:00:00+00:00,19096,9899,20187,9909,19113,20207
2022-06-30 22:00:00+00:00,19317,9969,20411,9977,19331,20427
2022-06-30 23:00:00+00:00,19232,10056,20076,10060,19239,20084
2022-07-01 00:00:00+00:00,19185,9906,20251,9908,19190,20256
2022-07-01 01:00:00+00:00,19338,10053,20207,10055,19342,20211
2022-07-01 02:00:00+00:00,19411,10040,20337,10041,19414,20340
2022-07-01 03:00:00+00:00,19252,9945,20172,9948,19258,20178
2022-07-01 04:00:00+00:00,19201,10003,20143,10007,19209,20152
2022-07-01 05:00:00+00:00,19505,10167,20361,10174,19518,20376
2022-07-01 06:00:00+00:00,19377,10045,20075,10053,19392,20092
2022-07-01 07:00:00+00:00,19260,9862,20027,9872,19278,20047
2022-07-01 08:00:00+00:00,19147,9835,20050,9845,19164,20070
2022-07-01 09:00:00+00:00,19500,10054,20329,10064,19517,20348
2022-07-01 10:00:00+00:00,19244,10024,20235,10034,19260,20254
2022-07-01 11:00:00+00:00,19527,10186,20436,10196,19545,20456
2022-07-01 12:00:00+00:00,19533,10178,20423,10188,19551,20443
2022-07-01 13:00:00+00:00,19600,10109,20085,10119,19618,20105
2022-07-01 14:00:00+00:00,19465,9952,20365,9964,19486,20389
2022-07-01 15:00:00+00:00,19493,10124,20407,10139,19518,20436
2022-07-01 16:00:00+00:00,19559,10157,20390,10174,19588,20423
2022-07-01 17:00:00+00:00,19560,10081,20363,10095,19585,20391
2022-07-01 18:00:00+00:00,19316,10037,20233,10049,19337,20257
2022-07-01 19:00:00+00:00,19596,10067,20304,10075,19611,20321
2022-07-01 20:00:00+00:00,19561,10106,20504,10113,19573,20518
2022-07-01 21:00:00+00:00,19547,10045,20367,10050,19557,20378
2022-07-01 22:00:00+00:00,19422,9976,20135,9979,19428,20141
2022-07-01 23:00:00+00:00,19450,10047,20265,10049,19454,20269
2022-07-02 00:00:00+00:00,19318,10137,20488,10137,19318,20488
2022-07-02 01:00:00+00:00,19407,10022,20207,10018,19401,20200
2022-07-02 02:00:00+00:00,19319,10056,20350,10052,19313,20343
2022-07-02 03:00:00+00:00,19484,10151,20324,10148,19480,20319
2022-07-02 04:00:00+00:00,19662,10065,20270,10065,19663,20271
2022-07-02 05:00:00+00:00,19470,10143,20359,10146,19475,20364
2022-07-02 06:00:00+00:00,19388,10090,20247,10094,19396,20256
2022-07-02 07:00:00+00:00,19558,10073,20318,10076,19564,20324
2022-07-02 08:00:00+00:00,19417,10123,20435,10126,19423,20442
2022-07-02 09:00:00+00:00,19765,10213,20479,10214,19767,20481
2022-07-02 10:00:00+00:00,19600,10189,20435,10189,19601,20436
2022-07-02 11:00:00+00:00,19519,10102,20545,10102,19519,20545
2022-07-02 12:00:00+00:00,19964,10364,20809,10364,19964,20809
2022-07-02 13:00:00+00:00,19602,10200,20597,10203,19607,20602
2022-07-02 14:00:00+00:00,19627,10038,20466,10042,19634,20474
2022-07-02 15:00:00+00:00,19758,10328,20439,10332,19766,20448
2022-07-02 16:00:00+00:00,19595,10024,20351,10028,19603,20360
2022-07-02 17:00:00+00:00,19679,10202,20550,10205,19684,20555
2022-07-02 18:00:00+00:00,19756,10215,20507,10216,19758,20509
2022-07-02 19:00:00+00:00,19490,9983,20170,9984,19492,20172
2022-07-02 20:00:00+00:00,19605,10124,20485,10124,19606,20486
2022-07-02 21:00:00+00:00,19585,10130,20108,10128,19582,20104
2022-07-02 22:00:00+00:00,19610,10099,20516,10094,19601,20506
2022-07-02 23:00:00+00:00,19434,10194,20244,10186,19421,20230
2022-07-03 00:00:00+00:00,19685,10124,20525,10116,19672,20511
2022-07-03 01:00:00+00:00,19676,10180,20492,10171,19661,20475
2022-07-03 02:00:00+00:00,19441,10134,20496,10125,19425,20478
2022-07-03 03:00:00+00:00,19381,10107,20168,10098,19365,20150
2022-07-03 04:00:00+00:00,19581,10252,20358,10245,19569,20345
2022-07-03 05:00:00+00:00,19663,10085,20158,10080,19654,20148
2022-07-03 06:00:00+00:00,19635,10200,20419,10196,19628,20412
2022-07-03 07:00:00+00:00,19603,10232,20687,10229,19597,20681
2022-07-03 08:00:00+00:00,19785,10258,20696,10255,19780,20691
2022-07-03 09:00:00+00:00,19781,10334,20661,10330,19774,20654
2022-07-03 10:00:00+00:00,19938,10251,20731,10247,19931,20724
2022-07-03 11:00:00+00:00,19737,10343,20773,10341,19735,20770
2022-07-03 12:00:00+00:00,19993,10423,20768,10421,19990,20765
2022-07-03 13:00:00+00:00,19836,10158,20406,10158,19836,20406
2022-07-03 14:00:00+00:00,19934,10251,20725,10251,19935,20726
2022-07-03 15:00:00+00:00,20231,10456,20824,10458,20235,20828
2022-07-03 16:00:00+00:00,19887,10205,20670,10207,19891,20674
2022-07-03 17:00:00+00:00,20191,10415,20846,10416,20193,20848
2022-07-03 18:00:00+00:00,19893,10382,20712,10382,19893,20712
2022-07-03 19:00:00+00:00,19948,10342,20554,10342,19948,20554
2022-07-03 20:00:00+00:00,19675,10232,20557,10232,19675,20557
2022-07-03 21:00:00+00:00,19724,10151,20612,10148,19719,20607
2022-07-03 22:00:00+00:00,19632,10280,20561,10276,19626,20555
2022-07-03 23:00:00+00:00,19681,10090,20505,10085,19672,20495
2022-07-04 00:00:00+00:00,19677,10105,20440,10099,19667,20429
2022-07-04 01:00:00+00:00,19662,10348,20747,10340,19649,20732
2022-07-04 02:00:00+00:00,19346,10097,20707,10090,19335,20694
2022-07-04 03:00:00+00:00,19810,10116,20556,10108,19797,20542
2022-07-04 04:00:00+00:00,19529,10163,20645,10157,19519,20634
2022-07-04 05:00:00+00:00,19969,10277,20712,10274,19964,20707
2022-07-04 06:00:00+00:00,19857,10294,20577,10293,19856,20575
2022-07-04 07:00:00+00:00,19581,10159,20648,10158,19580,20646
2022-07-04 08:00:00+00:00,19833,10089,20514,10089,19833,20514
2022-07-04 09:00:00+00:00,19943,10295,20389,10293,19940,20386
2022-07-04 10:00:00+00:00,20135,10307,20616,10304,20130,20611
2022-07-04 11:00:00+00:00,19891,10246,20785,10244,19887,20781
2022-07-04 12:00:00+00:00,19782,10147,20583,10144,19777,20578
2022-07-04 13:00:00+00:00,20043,10403,20848,10402,20042,20846
2022-07-04 14:00:00+00:00,20245,10561,20844,10562,20248,20847
2022-07-04 15:00:00+00:00,19802,10065,20529,10068,19807,20534
2022-07-04 16:00:00+00:00,19894,10259,20864,10263,19902,20873
2022-07-04 17:00:00+00:00,19868,10266,20783,10271,19877,20793
2022-07-04 18:00:00+00:00,19781,10244,20842,10248,19789,20851
2022-07-04 19:00:00+00:00,19410,9940,20387,9942,19415,20392
2022-07-04 20:00:00+00:00,19943,10357,20796,10359,19947,20800
2022-07-04 21:00:00+00:00,19508,10224,20623,10226,19512,20627
2022-07-04 22:00:00+00:00,19953,10292,20864,10292,19954,20865
2022-07-04 23:00:00+00:00,19625,10199,20583,10198,19624,20581
2022-07-05 00:00:00+00:00,19799,10344,20612,10342,19795,20608
2022-07-05 01:00:00+00:00,19403,10078,20402,10075,19398,20396
2022-07-05 02:00:00+00:00,19731,10179,20411,10176,19726,20406
2022-07-05 03:00:00+00:00,19679,10254,20588,10253,19678,20586
2022-07-05 04:00:00+00:00,19888,10340,20694,10341,19890,20696
2022-07-05 05:00:00+00:00,19671,10100,20366,10103,19677,20372
2022-07-05 06:00:00+00:00,19582,10140,20624,10144,19590,20633
2022-07-05 07:00:00+00:00,19643,10131,20487,10135,19650,20495
2022-07-05 08:00:00+00:00,20101,10296,20468,10297,20104,20471
2022-07-05 09:00:00+00:00,19617,10227,20314,10227,19618,20315
2022-07-05 10:00:00+00:00,20144,10410,20908,10411,20146,20910
2022-07-05 11:00:00+00:00,19758,10334,20603,10334,19759,20604
2022-07-05 12:00:00+00:00,20066,10333,20942,10334,20068,20944
2022-07-05 13:00:00+00:00,19829,10312,20440,10314,19833,20444
2022-07-05 14:00:00+00:00,19730,10194,20682,10198,19737,20690
2022-07-05 15:00:00+00:00,20006,10410,20659,10416,20017,20671
2022-07-05 16:00:00+00:00,19963,10441,21058,10449,19977,21074
2022-07-05 17:00:00+00:00,19887,10319,20610,10325,19898,20622
2022-07-05 18:00:00+00:00,19894,10404,20819,10408,19902,20828
2022-07-05 19:00:00+00:00,19899,10224,20761,10227,19905,20768
2022-07-05 20:00:00+00:00,19831,10161,20733,10163,19835,20737
2022-07-05 21:00:00+00:00,19934,10281,20697,10282,19936,20699
2022-07-05 22:00:00+00:00,20031,10286,20715,10285,20030,20713
2022-07-05 23:00:00+00:00,19786,10155,20515,10152,19780,20509
2022-07-06 00:00:00+00:00,19628,10068,20489,10063,19620,20480
2022-07-06 01:00:00+00:00,19645,10059,20328,10054,19636,20318
2022-07-06 02:00:00+00:00,19745,10125,20579,10120,19736,20569
2022-07-06 03:00:00+00:00,19700,10132,20401,10129,19694,20395
2022-07-06 04:00:00+00:00,19706,10234,20528,10232,19702,20524
2022-07-06 05:00:00+00:00,19721,10163,20612,10163,19722,20613
2022-07-06 06:00:00+00:00,19697,10059,20408,10060,19699,20410
2022-07-06 07:00:00+00:00,19596,10146,20671,10148,19600,20675
2022-07-06 08:00:00+00:00,19836,10146,20437,10147,19838,20439
2022-07-06 09:00:00+00:00,20068,10365,20622,10366,20070,20624
2022-07-06 10:00:00+00:00,20021,10414,20729,10414,20021,20729
2022-07-06 11:00:00+00:00,19935,10364,20761,10363,19934,20759
2022-07-06 12:00:00+00:00,19795,10155,20619,10155,19796,20620
2022-07-06 13:00:00+00:00,19900,10250,20599,10254,19907,20607
2022-07-06 14:00:00+00:00,19941,10307,20753,10313,19952,20766
2022-07-06 15:00:00+00:00,19911,10247,20641,10256,19926,20658
2022-07-06 16:00:00+00:00,20096,10332,20804,10343,20115,20826
2022-07-06 17:00:00+00:00,19917,10189,20868,10199,19935,20889
2022-07-06 18:00:00+00:00,19856,10152,20474,10161,19872,20492
2022-07-06 19:00:00+00:00,20013,10478,20657,10485,20025,20671
2022-07-06 20:00:00+00:00,19945,10266,20620,10271,19954,20630
2022-07-06 21:00:00+00:00,19703,10180,20478,10184,19710,20486
2022-07-06 22:00:00+00:00,19741,10184,20521,10186,19745,20525
2022-07-06 23:00:00+00:00,19535,10116,20372,10115,19534,20370
2022-07-07 00:00:00+00:00,19486,10152,20503,10149,19482,20498
2022-07-07 01:00:00+00:00,19696,10152,20264,10146,19685,20252
2022-07-07 02:00:00+00:00,19644,10089,20227,10084,19636,20219
2022-07-07 03:00:00+00:00,19797,10238,20497,10233,19788,20487
2022-07-07 04:00:00+00:00,19614,10053,20398,10048,19606,20389
2022-07-07 05:00:00+00:00,19450,10193,20466,10192,19449,20464
2022-07-07 06:00:00+00:00,19754,10041,20282,10040,19753,20280
2022-07-07 07:00:00+00:00,19577,10103,20537,10101,19575,20534
2022-07-07 08:00:00+00:00,19838,10154,20616,10152,19835,20613
2022-07-07 09:00:00+00:00,19715,10295,20642,10295,19715,20642
2022-07-07 10:00:00+00:00,19944,10204,20649,10204,19945,20650
2022-07-07 11:00:00+00:00,19921,10312,20768,10312,19922,20769
2022-07-07 12:00:00+00:00,19865,10395,20900,10396,19867,20902
2022-07-07 13:00:00+00:00,19962,10247,20738,10252,19971,20748
2022-07-07 14:00:00+00:00,19897,10249,20629,10256,19909,20643
2022-07-07 15:00:00+00:00,19944,10221,20562,10229,19958,20578
2022-07-07 16:00:00+00:00,19869,10322,20590,10331,19884,20607
2022-07-07 17:00:00+00:00,19796,10299,20695,10305,19807,20707
2022-07-07 18:00:00+00:00,20075,10421,20829,10425,20083,20838
2022-07-07 19:00:00+00:00,19772,10382,20637,10387,19781,20647
2022-07-07 20:00:00+00:00,19617,10055,20203,10060,19627,20214
2022-07-07 21:00:00+00:00,19460,9987,20168,9992,19469,20178
2022-07-07 22:00:00+00:00,19585,10200,20449,10202,19589,20453
2022-07-07 23:00:00+00:00,19403,10001,20313,10002,19405,20315
2022-07-08 00:00:00+00:00,19544,9999,20314,9998,19543,20312
2022-07-08 01:00:00+00:00,19605,10122,20237,10122,19606,20238
2022-07-08 02:00:00+00:00,19327,9917,20094,9919,19331,20098
2022-07-08 03:00:00+00:00,19405,10080,20191,10082,19409,20195
2022-07-08 04:00:00+00:00,19494,10190,20478,10195,19503,20488
2022-07-08 05:00:00+00:00,19590,10093,20435,10103,19607,20454
2022-07-08 06:00:00+00:00,19335,9895,19957,9906,19355,19979
2022-07-08 07:00:00+00:00,19505,10088,20302,10099,19525,20325
2022-07-08 08:00:00+00:00,19751,10174,20361,10186,19771,20384
2022-07-08 09:00:00+00:00,19486,10083,20228,10094,19506,20251
2022-07-08 10:00:00+00:00,19695,10164,20463,10176,19716,20487
2022-07-08 11:00:00+00:00,19888,10244,20610,10255,19907,20632
2022-07-08 12:00:00+00:00,19754,10302,20606,10316,19777,20632
2022-07-08 13:00:00+00:00,19864,10283,20629,10301,19894,20664
2022-07-08 14:00:00+00:00,19476,9998,20316,10017,19509,20354
2022-07-08 15:00:00+00:00,19807,10332,20759,10355,19846,20803
2022-07-08 16:00:00+00:00,19717,10309,20663,10332,19756,20708
2022-07-08 17:00:00+00:00,19726,10145,20551,10167,19764,20595
2022-07-08 18:00:00+00:00,19665,10216,20596,10239,19703,20640
2022-07-08 19:00:00+00:00,19720,10237,20746,10257,19754,20786
2022-07-08 20:00:00+00:00,19335,9822,20122,9839,19365,20156
2022-07-08 21:00:00+00:00,19586,10065,20117,10081,19614,20149
2022-07-08 22:00:00+00:00,19647,10217,20419,10233,19675,20451
2022-07-08 23:00:00+00:00,19524,10027,20040,10041,19549,20068
2022-07-09 00:00:00+00:00,19442,9966,20219,9980,19466,20246
2022-07-09 01:00:00+00:00,19234,9907,20183,9919,19255,20208
2022-07-09 02:00:00+00:00,19630,10084,20445,10099,19656,20475
2022-07-09 03:00:00+00:00,19441,9975,20185,9992,19470,20218
2022-07-09 04:00:00+00:00,19280,10027,20260,10045,19311,20295
2022-07-09 05:00:00+00:00,19554,10139,20267,10163,19595,20314
2022-07-09 06:00:00+00:00,19495,10067,20391,10094,19541,20444
2022-07-09 07:00:00+00:00,19536,10111,20279,10138,19582,20332
2022-07-09 08:00:00+00:00,19162,9926,20018,9955,19211,20074
2022-07-09 09:00:00+00:00,19693,10110,20315,10139,19744,20372
2022-07-09 10:00:00+00:00,19539,10092,20367,10119,19585,20420
2022-07-09 11:00:00+00:00,19779,10160,20492,10186,19824,20543
2022-07-09 12:00:00+00:00,19600,9963,20423,9989,19644,20474
2022-07-09 13:00:00+00:00,19675,10190,20371,10220,19727,20430
2022-07-09 14:00:00+00:00,19937,10380,20613,10415,19995,20679
2022-07-09 15:00:00+00:00,19290,10019,20405,10054,19350,20474
2022-07-09 16:00:00+00:00,19442,10087,20263,10122,19502,20332
2022-07-09 17:00:00+00:00,19766,10223,20563,10256,19823,20628
2022-07-09 18:00:00+00:00,19572,10030,20156,10061,19625,20216
2022-07-09 19:00:00+00:00,19534,10006,20139,10037,19587,20199
2022-07-09 20:00:00+00:00,19318,9983,20217,10012,19368,20274
2022-07-09 21:00:00+00:00,19633,10174,20399,10203,19682,20455
2022-07-09 22:00:00+00:00,19461,10100,20208,10125,19504,20257
2022-07-09 23:00:00+00:00,19436,10128,20289,10152,19477,20336
2022-07-10 00:00:00+00:00,19562,10188,20521,10209,19597,20561
2022-07-10 01:00:00+00:00,19358,9986,19833,10004,19389,19867
2022-07-10 02:00:00+00:00,19300,9915,19992,9933,19332,20028
2022-07-10 03:00:00+00:00,19325,10058,20208,10076,19356,20243
2022-07-10 04:00:00+00:00,19229,9892,20017,9911,19261,20054
2022-07-10 05:00:00+00:00,19445,10034,20130,10056,19483,20173
2022-07-10 06:00:00+00:00,19463,9982,20242,10006,19504,20289
2022-07-10 07:00:00+00:00,19904,10225,20313,10248,19944,20358
2022-07-10 08:00:00+00:00,19551,9997,20088,10018,19588,20130
2022-07-10 09:00:00+00:00,19451,10017,20102,10037,19486,20141
2022-07-10 10:00:00+00:00,19568,10046,20233,10066,19603,20273
2022-07-10 11:00:00+00:00,19570,10075,20286,10095,19605,20326
2022-07-10 12:00:00+00:00,19597,10071,20445,10092,19633,20486
2022-07-10 13:00:00+00:00,19421,10075,20273,10096,19457,20314
2022-07-10 14:00:00+00:00,19585,10275,20284,10297,19622,20326
2022-07-10 15:00:00+00:00,19417,9932,20092,9956,19458,20138
2022-07-10 16:00:00+00:00,19606,9989,20268,10013,19648,20316
2022-07-10 17:00:00+00:00,19621,10239,20441,10262,19659,20485
2022-07-10 18:00:00+00:00,19585,10070,20131,10089,19617,20167
2022-07-10 19:00:00+00:00,19571,10161,20299,10179,19602,20334
2022-07-10 20:00:00+00:00,19685,10191,20319,10208,19714,20352
2022-07-10 21:00:00+00:00,19307,10055,20302,10070,19333,20332
2022-07-10 22:00:00+00:00,19930,10302,20474,10315,19952,20499
2022-07-10 23:00:00+00:00,19579,10094,20327,10101,19591,20340
2022-07-11 00:00:00+00:00,19506,10016,20241,10020,19514,20250
2022-07-11 01:00:00+00:00,19556,10138,20405,10139,19558,20407
2022-07-11 02:00:00+00:00,19266,10041,20177,10040,19265,20175
2022-07-11 03:00:00+00:00,19331,9922,20341,9921,19330,20339
2022-07-11 04:00:00+00:00,19481,9966,20180,9968,19485,20184
2022-07-11 05:00:00+00:00,19476,9937,20174,9943,19487,20186
2022-07-11 06:00:00+00:00,19413,9971,20191,9977,19424,20203
2022-07-11 07:00:00+00:00,19563,10070,20290,10075,19573,20301
2022-07-11 08:00:00+00:00,19403,9905,20185,9910,19412,20195
2022-07-11 09:00:00+00:00,19558,10105,20301,10108,19564,20307
2022-07-11 10:00:00+00:00,19380,10044,20294,10047,19385,20299
2022-07-11 11:00:00+00:00,19314,9966,20181,9968,19318,20185
2022-07-11 12:00:00+00:00,19528,10076,20381,10079,19533,20386
2022-07-11 13:00:00+00:00,19527,10052,20234,10054,19531,20238
2022-07-11 14:00:00+00:00,19437,10153,20529,10156,19442,20534
2022-07-11 15:00:00+00:00,19533,10095,20371,10099,19540,20379
2022-07-11 16:00:00+00:00,19482,10162,20426,10166,19490,20435
2022-07-11 17:00:00+00:00,19545,10079,20500,10083,19552,20508
2022-07-11 18:00:00+00:00,19555,10233,20523,10235,19559,20527
2022-07-11 19:00:00+00:00,19676,10246,20504,10247,19678,20506
2022-07-11 20:00:00+00:00,19610,10121,20566,10121,19611,20567
2022-07-11 21:00:00+00:00,19829,10172,20383,10170,19825,20379
2022-07-11 22:00:00+00:00,19572,10146,20477,10141,19564,20468
2022-07-11 23:00:00+00:00,19820,10177,20583,10171,19810,20572
2022-07-12 00:00:00+00:00,19539,10038,20415,10030,19525,20400
2022-07-12 01:00:00+00:00,19515,10022,20104,10011,19497,20084
2022-07-12 02:00:00+00:00,19441,9958,20202,9949,19425,20184
2022-07-12 03:00:00+00:00,19252,9925,20094,9917,19240,20080
2022-07-12 04:00:00+00:00,19375,10062,20210,10057,19368,20202
2022-07-12 05:00:00+00:00,19234,9845,20022,9845,19234,20022
2022-07-12 06:00:00+00:00,19330,10053,19982,10055,19334,19986
2022-07-12 07:00:00+00:00,19190,9786,20015,9788,19195,20020
2022-07-12 08:00:00+00:00,19214,9984,20079,9986,19218,20083
2022-07-12 09:00:00+00:00,19307,9935,19955,9936,19310,19958
2022-07-12 10:00:00+00:00,19254,9905,19987,9906,19256,19989
2022-07-12 11:00:00+00:00,19432,10078,20335,10077,19431,20333
2022-07-12 12:00:00+00:00,19368,10051,20203,10049,19365,20199
2022-07-12 13:00:00+00:00,19523,9980,20076,9978,19520,20072
2022-07-12 14:00:00+00:00,19526,10170,20480,10170,19527,20481
2022-07-12 15:00:00+00:00,19460,9919,20261,9919,19460,20261
2022-07-12 16:00:00+00:00,19335,10015,20371,10017,19339,20375
2022-07-12 17:00:00+00:00,19568,10126,20139,10130,19575,20147
2022-07-12 18:00:00+00:00,19624,10138,20367,10141,19630,20373
2022-07-12 19:00:00+00:00,19479,10086,20363,10088,19483,20367
2022-07-12 20:00:00+00:00,19749,10185,20478,10186,19751,20480
2022-07-12 21:00:00+00:00,19642,10008,20096,10006,19638,20092
2022-07-12 22:00:00+00:00,19611,10147,20429,10144,19606,20424
2022-07-12 23:00:00+00:00,19213,9864,20061,9858,19203,20049
2022-07-13 00:00:00+00:00,19089,9928,20126,9918,19073,20107
2022-07-13 01:00:00+00:00,19083,9863,19794,9851,19064,19772
2022-07-13 02:00:00+00:00,19256,9918,20041,9907,19238,20020
2022-07-13 03:00:00+00:00,19510,9992,20175,9984,19496,20160
2022-07-13 04:00:00+00:00,19241,9853,19968,9848,19234,19960
2022-07-13 05:00:00+00:00,18962,9741,19969,9742,18964,19972
2022-07-13 06:00:00+00:00,19354,9991,19992,9994,19360,19998
2022-07-13 07:00:00+00:00,19416,9950,20044,9955,19425,20054
2022-07-13 08:00:00+00:00,19381,9918,20018,9923,19391,20029
2022-07-13 09:00:00+00:00,19416,9905,20016,9909,19424,20025
2022-07-13 10:00:00+00:00,19436,10061,20133,10061,19437,20134
2022-07-13 11:00:00+00:00,19501,10233,20283,10233,19501,20283
2022-07-13 12:00:00+00:00,19214,10013,20257,10013,19215,20258
2022-07-13 13:00:00+00:00,19601,10000,19918,10002,19606,19923
2022-07-13 14:00:00+00:00,19554,10147,20084,10152,19563,20094
2022-07-13 15:00:00+00:00,19551,10016,20231,10022,19562,20243
2022-07-13 16:00:00+00:00,19519,10038,20044,10046,19534,20061
2022-07-13 17:00:00+00:00,19518,9979,20073,9984,19528,20084
2022-07-13 18:00:00+00:00,19543,10163,20361,10169,19554,20373
2022-07-13 19:00:00+00:00,19197,9776,19956,9781,19206,19967
2022-07-13 20:00:00+00:00,19210,9898,19938,9902,19217,19945
2022-07-13 21:00:00+00:00,19639,10137,20269,10137,19640,20270
2022-07-13 22:00:00+00:00,19391,10052,20016,10051,19390,20014
2022-07-13 23:00:00+00:00,19287,10012,20095,10008,19281,20088
2022-07-14 00:00:00+00:00,19048,9743,19899,9737,19038,19887
2022-07-14 01:00:00+00:00,19424,10146,20284,10136,19407,20265
2022-07-14 02:00:00+00:00,19462,10007,20070,9998,19446,20052
2022-07-14 03:00:00+00:00,19347,9945,19984,9938,19336,19971
2022-07-14 04:00:00+00:00,19226,10072,20135,10067,19219,20127
2022-07-14 05:00:00+00:00,19117,9828,19837,9829,19119,19839
2022-07-14 06:00:00+00:00,19447,10069,20099,10072,19452,20104
2022-07-14 07:00:00+00:00,19474,9979,19923,9982,19480,19929
2022-07-14 08:00:00+00:00,19128,9825,19811,9827,19132,19815
2022-07-14 09:00:00+00:00,19321,10084,20380,10085,19323,20382
2022-07-14 10:00:00+00:00,19351,10035,20007,10036,19354,20010
2022-07-14 11:00:00+00:00,19442,10029,19963,10032,19448,19969
2022-07-14 12:00:00+00:00,19214,9937,20057,9939,19218,20061
2022-07-14 13:00:00+00:00,19513,10033,20160,10035,19517,20164
2022-07-14 14:00:00+00:00,19570,10041,20060,10044,19576,20066
2022-07-14 15:00:00+00:00,19285,9899,20004,9902,19291,20010
2022-07-14 16:00:00+00:00,18972,9889,20087,9893,18978,20095
2022-07-14 17:00:00+00:00,19304,9908,19915,9911,19310,19921
2022-07-14 18:00:00+00:00,19236,9960,20144,9962,19240,20148
2022-07-14 19:00:00+00:00,18673,9578,19706,9578,18674,19707
2022-07-14 20:00:00+00:00,18918,9792,19939,9792,18918,19939
2022-07-14 21:00:00+00:00,19426,10101,20178,10100,19425,20176
2022-07-14 22:00:00+00:00,19137,9936,20101,9933,19132,20095
2022-07-14 23:00:00+00:00,19150,9860,20062,9855,19143,20054
2022-07-15 00:00:00+00:00,19008,9850,19925,9843,18997,19912
2022-07-15 01:00:00+00:00,19034,9754,19650,9747,19022,19636
2022-07-15 02:00:00+00:00,19362,9895,19923,9889,19353,19912
2022-07-15 03:00:00+00:00,19058,9879,19982,9876,19054,19977
2022-07-15 04:00:00+00:00,19248,9896,19863,9896,19249,19864
2022-07-15 05:00:00+00:00,19036,9816,20018,9820,19042,20026
2022-07-15 06:00:00+00:00,19068,9844,19768,9849,19076,19778
2022-07-15 07:00:00+00:00,19028,9896,19968,9901,19036,19978
2022-07-15 08:00:00+00:00,18974,9828,19892,9831,18979,19898
2022-07-15 09:00:00+00:00,19185,10037,20037,10039,19190,20042
2022-07-15 10:00:00+00:00,19174,9860,19920,9860,19175,19921
2022-07-15 11:00:00+00:00,19286,10087,20155,10086,19285,20153
2022-07-15 12:00:00+00:00,19511,9988,20202,9988,19512,20203
2022-07-15 13:00:00+00:00,19351,10124,20214,10125,19353,20216
2022-07-15 14:00:00+00:00,19206,9899,19823,9903,19214,19832
2022-07-15 15:00:00+00:00,19174,9974,19885,9981,19185,19898
2022-07-15 16:00:00+00:00,19116,9760,19888,9767,19128,19902
2022-07-15 17:00:00+00:00,19022,9877,19971,9882,19030,19981
2022-07-15 18:00:00+00:00,19317,10012,20079,10016,19325,20088
2022-07-15 19:00:00+00:00,19047,9896,19924,9901,19055,19934
2022-07-15 20:00:00+00:00,19352,9913,20012,9915,19357,20017
2022-07-15 21:00:00+00:00,19194,9802,19841,9802,19195,19842
2022-07-15 22:00:00+00:00,18915,9694,19760,9691,18911,19755
2022-07-15 23:00:00+00:00,19030,9772,19800,9766,19021,19789
2022-07-16 00:00:00+00:00,19374,9981,20068,9974,19363,20055
2022-07-16 01:00:00+00:00,19334,10065,19966,10057,19321,19951
2022-07-16 02:00:00+00:00,19071,9947,19900,9939,19058,19885
2022-07-16 03:00:00+00:00,19110,9920,20028,9915,19102,20018
2022-07-16 04:00:00+00:00,19102,9823,19915,9822,19101,19913
2022-07-16 05:00:00+00:00,19010,9755,19798,9757,19013,19802
2022-07-16 06:00:00+00:00,18952,9785,20040,9789,18958,20048
2022-07-16 07:00:00+00:00,18944,9608,19502,9611,18949,19508
2022-07-16 08:00:00+00:00,19143,9896,19940,9896,19144,19941
2022-07-16 09:00:00+00:00,19225,9874,19982,9871,19221,19977
2022-07-16 10:00:00+00:00,19348,10057,20082,10051,19339,20071
2022-07-16 11:00:00+00:00,19205,9775,19965,9768,19193,19951
2022-07-16 12:00:00+00:00,19280,9823,19797,9815,19267,19782
2022-07-16 13:00:00+00:00,19477,10029,19913,10025,19470,19906
2022-07-16 14:00:00+00:00,19006,9686,19938,9683,19001,19932
2022-07-16 15:00:00+00:00,19174,9851,19856,9848,19170,19851
2022-07-16 16:00:00+00:00,19287,9888,20070,9884,19281,20063
2022-07-16 17:00:00+00:00,19337,9876,19941,9873,19333,19936
2022-07-16 18:00:00+00:00,19112,9988,20209,9983,19105,20201
2022-07-16 19:00:00+00:00,18995,9733,19858,9728,18987,19849
2022-07-16 20:00:00+00:00,19102,9951,19920,9944,19091,19907
2022-07-16 21:00:00+00:00,19315,10035,20055,10028,19304,20042
2022-07-16 22:00:00+00:00,19336,9889,19863,9879,19320,19845
2022-07-16 23:00:00+00:00,19313,9869,19964,9856,19291,19939
2022-07-17 00:00:00+00:00,19300,10022,20076,10005,19272,20044
2022-07-17 01:00:00+00:00,19090,9886,20135,9866,19057,20097
2022-07-17 02:00:00+00:00,19301,10073,20291,10055,19272,20257
2022-07-17 03:00:00+00:00,19478,10046,20444,10031,19452,20415
2022-07-17 04:00:00+00:00,19323,10096,20330,10085,19306,20310
2022-07-17 05:00:00+00:00,19193,9901,19705,9893,19180,19690
2022-07-17 06:00:00+00:00,19336,9939,20297,9930,19322,20280
2022-07-17 07:00:00+00:00,19246,9909,20035,9896,19224,20010
2022-07-17 08:00:00+00:00,19424,10010,20204,9993,19395,20172
2022-07-17 09:00:00+00:00,19447,10095,20249,10075,19413,20211
2022-07-17 10:00:00+00:00,19322,9929,19986,9910,19290,19949
2022-07-17 11:00:00+00:00,19293,9983,20259,9961,19256,20216
2022-07-17 12:00:00+00:00,19520,10098,20208,10077,19485,20169
2022-07-17 13:00:00+00:00,19290,9878,20207,9861,19262,20175
2022-07-17 14:00:00+00:00,19341,9890,20009,9875,19317,19981
2022-07-17 15:00:00+00:00,19288,9978,20032,9963,19263,20003
2022-07-17 16:00:00+00:00,19272,10015,20239,10004,19254,20218
2022-07-17 17:00:00+00:00,19299,9904,20062,9895,19284,20045
2022-07-17 18:00:00+00:00,19345,10068,20286,10054,19323,20260
2022-07-17 19:00:00+00:00,19102,9804,19877,9785,19070,19841
2022-07-17 20:00:00+00:00,19377,10103,20509,10083,19344,20471
2022-07-17 21:00:00+00:00,19315,10020,20179,10006,19292,20152
2022-07-17 22:00:00+00:00,19328,10050,20233,10031,19296,20196
2022-07-17 23:00:00+00:00,19141,9867,20202,9847,19108,20164
2022-07-18 00:00:00+00:00,19438,10034,20303,10016,19408,20269
2022-07-18 01:00:00+00:00,19221,9951,20248,9934,19193,20215
2022-07-18 02:00:00+00:00,19383,10138,20304,10121,19354,20271
2022-07-18 03:00:00+00:00,19503,10068,20464,10053,19478,20436
2022-07-18 04:00:00+00:00,19420,9946,20256,9937,19405,20239
2022-07-18 05:00:00+00:00,19417,10117,20379,10110,19405,20366
2022-07-18 06:00:00+00:00,19462,9976,20174,9968,19448,20159
2022-07-18 07:00:00+00:00,19230,10002,20185,9993,19215,20167
2022-07-18 08:00:00+00:00,19347,9925,20166,9915,19330,20146
2022-07-18 09:00:00+00:00,19478,9901,20205,9892,19463,20189
2022-07-18 10:00:00+00:00,19373,9891,20111,9884,19362,20098
2022-07-18 11:00:00+00:00,19235,9940,20285,9934,19226,20274
2022-07-18 12:00:00+00:00,19213,10023,20133,10019,19207,20126
2022-07-18 13:00:00+00:00,19382,10053,20191,10052,19381,20189
2022-07-18 14:00:00+00:00,19294,9955,20046,9958,19300,20052
2022-07-18 15:00:00+00:00,19292,9781,19976,9788,19305,19990
2022-07-18 16:00:00+00:00,19494,10009,20032,10017,19509,20049
2022-07-18 17:00:00+00:00,18917,9899,19840,9907,18930,19855
2022-07-18 18:00:00+00:00,19180,10001,20116,10010,19195,20134
2022-07-18 19:00:00+00:00,19324,9970,20188,9978,19338,20204
2022-07-18 20:00:00+00:00,19171,10011,20224,10020,19186,20242
2022-07-18 21:00:00+00:00,19044,9879,20007,9885,19054,20019
2022-07-18 22:00:00+00:00,19238,10003,20248,10008,19247,20258
2022-07-18 23:00:00+00:00,19435,10088,20135,10090,19439,20139
2022-07-19 00:00:00+00:00,19251,9952,20115,9953,19253,20117
2022-07-19 01:00:00+00:00,19361,9972,20124,9972,19362,20125
2022-07-19 02:00:00+00:00,19263,9990,20109,9992,19267,20113
2022-07-19 03:00:00+00:00,19139,9909,20102,9913,19145,20110
2022-07-19 04:00:00+00:00,19388,10011,19945,10018,19400,19958
2022-07-19 05:00:00+00:00,19116,9778,19978,9788,19133,19998
2022-07-19 06:00:00+00:00,19087,9849,20147,9863,19110,20174
2022-07-19 07:00:00+00:00,19170,9827,19733,9840,19192,19758
2022-07-19 08:00:00+00:00,19057,9887,19981,9901,19080,20008
2022-07-19 09:00:00+00:00,19467,9854,19849,9865,19486,19870
2022-07-19 10:00:00+00:00,19134,9935,20018,9943,19148,20035
2022-07-19 11:00:00+00:00,19354,10111,20236,10118,19367,20250
2022-07-19 12:00:00+00:00,19445,9927,20033,9932,19455,20044
2022-07-19 13:00:00+00:00,19367,9957,19987,9964,19379,20000
2022-07-19 14:00:00+00:00,18966,9874,20132,9884,18983,20152
2022-07-19 15:00:00+00:00,19128,9893,19980,9905,19148,20003
2022-07-19 16:00:00+00:00,19222,9972,20180,9985,19243,20205
2022-07-19 17:00:00+00:00,19143,9952,19917,9963,19162,19939
2022-07-19 18:00:00+00:00,19020,9831,19825,9844,19042,19850
2022-07-19 19:00:00+00:00,19214,9981,20030,9996,19240,20060
2022-07-19 20:00:00+00:00,19416,10164,20124,10179,19441,20152
2022-07-19 21:00:00+00:00,19065,9837,19873,9846,19081,19892
2022-07-19 22:00:00+00:00,19165,9872,19803,9880,19178,19818
2022-07-19 23:00:00+00:00,19212,9918,20022,9924,19222,20034
2022-07-20 00:00:00+00:00,18945,9961,20034,9963,18949,20039
2022-07-20 01:00:00+00:00,19198,9976,19888,9977,19200,19890
2022-07-20 02:00:00+00:00,19151,9734,19912,9735,19154,19915
2022-07-20 03:00:00+00:00,19234,9902,19752,9904,19239,19757
2022-07-20 04:00:00+00:00,19134,9899,19838,9903,19140,19845
2022-07-20 05:00:00+00:00,19022,9747,19671,9753,19033,19684
2022-07-20 06:00:00+00:00,19100,9820,19946,9828,19114,19963
2022-07-20 07:00:00+00:00,19320,9948,20071,9958,19338,20091
2022-07-20 08:00:00+00:00,18988,9782,19859,9793,19006,19880
2022-07-20 09:00:00+00:00,19111,9723,19630,9735,19132,19654
2022-07-20 10:00:00+00:00,18919,9900,19928,9913,18941,19954
2022-07-20 11:00:00+00:00,19093,9885,20173,9896,19112,20195
2022-07-20 12:00:00+00:00,18860,9598,19901,9612,18884,19929
2022-07-20 13:00:00+00:00,19192,9896,19903,9913,19221,19936
2022-07-20 14:00:00+00:00,19034,9815,19865,9835,19069,19905
2022-07-20 15:00:00+00:00,19128,9870,19644,9892,19165,19686
2022-07-20 16:00:00+00:00,19257,9992,19825,10017,19299,19873
2022-07-20 17:00:00+00:00,18869,9801,20045,9827,18913,20096
2022-07-20 18:00:00+00:00,19017,9909,20045,9937,19064,20099
2022-07-20 19:00:00+00:00,18879,9809,19793,9836,18926,19846
2022-07-20 20:00:00+00:00,19047,9853,19771,9878,19089,19819
2022-07-20 21:00:00+00:00,18913,9915,19899,9933,18944,19935
2022-07-20 22:00:00+00:00,18811,9652,19729,9668,18838,19760
2022-07-20 23:00:00+00:00,18968,9758,19876,9771,18990,19901
2022-07-21 00:00:00+00:00,18909,9648,19729,9658,18927,19750
2022-07-21 01:00:00+00:00,19026,9941,19974,9951,19043,19994
2022-07-21 02:00:00+00:00,19115,9902,19958,9912,19132,19978
2022-07-21 03:00:00+00:00,19145,10049,20172,10059,19162,20192
2022-07-21 04:00:00+00:00,19239,9898,20054,9909,19257,20075
2022-07-21 05:00:00+00:00,19184,9794,19773,9806,19205,19797
2022-07-21 06:00:00+00:00,18985,9848,19850,9862,19008,19877
2022-07-21 07:00:00+00:00,19249,9929,19965,9941,19269,19988
2022-07-21 08:00:00+00:00,19080,9869,19658,9880,19098,19679
2022-07-21 09:00:00+00:00,19246,9910,20037,9920,19262,20056
2022-07-21 10:00:00+00:00,19154,9835,20071,9842,19165,20084
2022-07-21 11:00:00+00:00,19074,9799,19969,9807,19088,19986
2022-07-21 12:00:00+00:00,19174,9852,20063,9861,19190,20082
2022-07-21 13:00:00+00:00,19081,9907,19978,9916,19096,19996
2022-07-21 14:00:00+00:00,19194,9889,19830,9896,19205,19843
2022-07-21 15:00:00+00:00,19076,9803,19799,9812,19091,19817
2022-07-21 16:00:00+00:00,19064,9783,19949,9792,19080,19968
2022-07-21 17:00:00+00:00,19455,10000,19959,10010,19472,19978
2022-07-21 18:00:00+00:00,19192,9850,19916,9858,19205,19931
2022-07-21 19:00:00+00:00,19067,9956,20131,9960,19074,20140
2022-07-21 20:00:00+00:00,19254,9828,19845,9829,19257,19848
2022-07-21 21:00:00+00:00,19181,9897,20100,9896,19180,20098
2022-07-21 22:00:00+00:00,19168,9862,19931,9859,19164,19926
2022-07-21 23:00:00+00:00,19279,10070,20237,10065,19271,20227
2022-07-22 00:00:00+00:00,19187,9942,19956,9936,19178,19945
2022-07-22 01:00:00+00:00,19347,9906,20299,9898,19334,20284
2022-07-22 02:00:00+00:00,19047,9855,19781,9847,19034,19766
2022-07-22 03:00:00+00:00,19165,9830,20037,9824,19155,20025
2022-07-22 04:00:00+00:00,19404,10002,20033,9997,19396,20023
2022-07-22 05:00:00+00:00,19284,10064,19984,10062,19281,19980
2022-07-22 06:00:00+00:00,19007,9753,19653,9751,19004,19649
2022-07-22 07:00:00+00:00,19418,10086,20039,10083,19413,20033
2022-07-22 08:00:00+00:00,19282,9908,20090,9903,19275,20082
2022-07-22 09:00:00+00:00,19366,9983,19987,9975,19353,19972
2022-07-22 10:00:00+00:00,19300,9977,20150,9966,19283,20130
2022-07-22 11:00:00+00:00,19090,9835,19821,9826,19075,19804
2022-07-22 12:00:00+00:00,19453,9932,19960,9920,19433,19938
2022-07-22 13:00:00+00:00,19408,9938,20178,9928,19390,20158
2022-07-22 14:00:00+00:00,19481,10108,20348,10101,19469,20335
2022-07-22 15:00:00+00:00,19357,10041,20235,10038,19353,20230
2022-07-22 16:00:00+00:00,19236,9870,20078,9869,19235,20076
2022-07-22 17:00:00+00:00,19328,10039,20271,10036,19323,20265
2022-07-22 18:00:00+00:00,19476,10027,20335,10021,19466,20324
2022-07-22 19:00:00+00:00,19316,9947,20224,9938,19302,20208
2022-07-22 20:00:00+00:00,19259,9927,20200,9914,19238,20176
2022-07-22 21:00:00+00:00,19503,10098,20173,10083,19477,20144
2022-07-22 22:00:00+00:00,19661,10157,20228,10139,19631,20194
2022-07-22 23:00:00+00:00,19503,10028,20158,10007,19467,20118
2022-07-23 00:00:00+00:00,19450,10168,20487,10145,19411,20442
2022-07-23 01:00:00+00:00,19347,9874,20057,9849,19305,20009
2022-07-23 02:00:00+00:00,19261,9996,20129,9971,19219,20081
2022-07-23 03:00:00+00:00,19185,9916,19973,9894,19148,19931
2022-07-23 04:00:00+00:00,19178,10000,19950,9982,19148,19916
2022-07-23 05:00:00+00:00,19298,10039,20158,10024,19274,20130
2022-07-23 06:00:00+00:00,19095,9855,20024,9842,19074,20000
2022-07-23 07:00:00+00:00,19129,9929,19951,9915,19106,19925
2022-07-23 08:00:00+00:00,19228,9881,20022,9867,19205,19995
2022-07-23 09:00:00+00:00,18987,9840,19801,9826,18964,19775
2022-07-23 10:00:00+00:00,19272,9948,19993,9935,19250,19968
2022-07-23 11:00:00+00:00,19152,9916,19745,9903,19130,19720
2022-07-23 12:00:00+00:00,19169,9879,19923,9865,19145,19895
2022-07-23 13:00:00+00:00,19186,9917,20029,9902,19162,20001
2022-07-23 14:00:00+00:00,19228,9999,20033,9988,19210,20012
2022-07-23 15:00:00+00:00,19090,9876,19861,9867,19075,19844
2022-07-23 16:00:00+00:00,18887,9664,19450,9656,18874,19435
2022-07-23 17:00:00+00:00,18862,9678,19670,9670,18849,19655
2022-07-23 18:00:00+00:00,18868,9855,19819,9849,18858,19807
2022-07-23 19:00:00+00:00,19020,9776,19718,9766,19004,19700
2022-07-23 20:00:00+00:00,19062,9917,19974,9904,19041,19950
2022-07-23 21:00:00+00:00,18950,9727,19725,9712,18925,19697
2022-07-23 22:00:00+00:00,18940,9767,19923,9749,18909,19888
2022-07-23 23:00:00+00:00,19176,9882,19949,9863,19145,19914
2022-07-24 00:00:00+00:00,19108,9761,19665,9743,19077,19630
2022-07-24 01:00:00+00:00,19179,9849,19863,9830,19147,19827
2022-07-24 02:00:00+00:00,19044,9784,19864,9765,19012,19828
2022-07-24 03:00:00+00:00,19091,9829,19906,9813,19064,19875
2022-07-24 04:00:00+00:00,18742,9765,19735,9752,18721,19711
2022-07-24 05:00:00+00:00,18964,9626,19614,9618,18951,19599
2022-07-24 06:00:00+00:00,18970,9710,19615,9704,18960,19603
2022-07-24 07:00:00+00:00,18937,9745,19803,9738,18926,19790
2022-07-24 08:00:00+00:00,18927,9716,19682,9709,18915,19668
2022-07-24 09:00:00+00:00,18791,9605,19523,9596,18776,19506
2022-07-24 10:00:00+00:00,19137,9896,19957,9886,19121,19938
2022-07-24 11:00:00+00:00,19051,9942,20183,9931,19033,20162
2022-07-24 12:00:00+00:00,19124,9840,19765,9829,19106,19744
2022-07-24 13:00:00+00:00,19489,10053,20216,10044,19474,20200
2022-07-24 14:00:00+00:00,19250,10045,20034,10039,19241,20023
2022-07-24 15:00:00+00:00,19077,9910,19835,9907,19072,19829
2022-07-24 16:00:00+00:00,19197,9922,19914,9920,19195,19911
2022-07-24 17:00:00+00:00,19153,9886,19890,9883,19148,19884
2022-07-24 18:00:00+00:00,19284,9967,19892,9962,19277,19884
2022-07-24 19:00:00+00:00,19234,9980,19930,9974,19225,19919
2022-07-24 20:00:00+00:00,18986,9846,19846,9836,18969,19826
2022-07-24 21:00:00+00:00,19134,9963,19758,9952,19116,19737
2022-07-24 22:00:00+00:00,19095,9886,19929,9875,19077,19908
2022-07-24 23:00:00+00:00,19220,9795,19712,9782,19198,19687
2022-07-25 00:00:00+00:00,19094,9756,19674,9743,19072,19649
2022-07-25 01:00:00+00:00,19051,9741,19844,9727,19027,19817
2022-07-25 02:00:00+00:00,19233,10021,19987,10007,19211,19962
2022-07-25 03:00:00+00:00,19114,9836,19523,9827,19100,19507
2022-07-25 04:00:00+00:00,19075,9796,19904,9793,19071,19899
2022-07-25 05:00:00+00:00,19097,9930,19900,9932,19101,19905
2022-07-25 06:00:00+00:00,19052,9759,19914,9760,19054,19916
2022-07-25 07:00:00+00:00,18961,9801,19978,9801,18962,19979
2022-07-25 08:00:00+00:00,19332,9965,20221,9964,19331,20219
2022-07-25 09:00:00+00:00,19127,9699,19844,9696,19122,19838
2022-07-25 10:00:00+00:00,19250,9969,19965,9965,19244,19958
2022-07-25 11:00:00+00:00,19143,10006,19971,10001,19135,19961
2022-07-25 12:00:00+00:00,19135,9752,19714,9746,19125,19702
2022-07-25 13:00:00+00:00,19370,10090,20270,10086,19364,20263
2022-07-25 14:00:00+00:00,19298,9932,20163,9932,19299,20164
2022-07-25 15:00:00+00:00,18977,9651,19848,9651,18977,19848
2022-07-25 16:00:00+00:00,19265,9919,19950,9919,19266,19951
2022-07-25 17:00:00+00:00,19158,9867,19942,9867,19159,19943
2022-07-25 18:00:00+00:00,19076,9813,19941,9814,19078,19943
2022-07-25 19:00:00+00:00,19150,9900,19902,9898,19147,19898
2022-07-25 20:00:00+00:00,19180,9955,20050,9950,19173,20042
2022-07-25 21:00:00+00:00,19277,9925,19925,9918,19266,19912
2022-07-25 22:00:00+00:00,19335,10014,20218,10005,19321,20202
2022-07-25 23:00:00+00:00,19203,9943,19922,9931,19184,19900
2022-07-26 00:00:00+00:00,19402,9992,20063,9978,19378,20036
2022-07-26 01:00:00+00:00,19075,9959,19792,9946,19053,19767
2022-07-26 02:00:00+00:00,19068,9801,19981,9790,19049,19959
2022-07-26 03:00:00+00:00,19159,9805,19711,9797,19146,19696
2022-07-26 04:00:00+00:00,19051,9865,19815,9859,19042,19804
2022-07-26 05:00:00+00:00,19360,9968,20043,9968,19360,20043
2022-07-26 06:00:00+00:00,19076,9768,19861,9769,19078,19863
2022-07-26 07:00:00+00:00,19104,9865,19857,9866,19106,19859
2022-07-26 08:00:00+00:00,18994,9945,20024,9947,18997,20028
2022-07-26 09:00:00+00:00,19009,9914,19842,9914,19010,19843
2022-07-26 10:00:00+00:00,19117,9726,19930,9726,19117,19930
2022-07-26 11:00:00+00:00,19325,9934,20199,9932,19323,20196
2022-07-26 12:00:00+00:00,18972,9855,20027,9852,18968,20022
2022-07-26 13:00:00+00:00,19319,9902,20153,9902,19320,20154
2022-07-26 14:00:00+00:00,19248,9756,19826,9758,19252,19830
2022-07-26 15:00:00+00:00,19452,10011,20046,10015,19459,20054
2022-07-26 16:00:00+00:00,18973,9818,19919,9825,18985,19933
2022-07-26 17:00:00+00:00,19280,9997,19919,10005,19294,19934
2022-07-26 18:00:00+00:00,18772,9610,19597,9617,18784,19611
2022-07-26 19:00:00+00:00,19405,9982,19961,9988,19416,19973
2022-07-26 20:00:00+00:00,18922,9805,20024,9809,18929,20033
2022-07-26 21:00:00+00:00,19253,9928,19950,9929,19256,19953
2022-07-26 22:00:00+00:00,19279,9870,19993,9869,19278,19991
2022-07-26 23:00:00+00:00,19152,10147,20249,10145,19150,20246
2022-07-27 00:00:00+00:00,18978,9658,19629,9655,18974,19624
2022-07-27 01:00:00+00:00,19196,9977,20061,9973,19190,20054
2022-07-27 02:00:00+00:00,18933,9861,19959,9858,18928,19953
2022-07-27 03:00:00+00:00,19055,9787,19760,9787,19056,19761
2022-07-27 04:00:00+00:00,18961,9804,19641,9805,18963,19644
2022-07-27 05:00:00+00:00,19114,9752,19710,9760,19127,19725
2022-07-27 06:00:00+00:00,18799,9548,19427,9556,18813,19443
2022-07-27 07:00:00+00:00,19174,9842,19909,9853,19193,19931
2022-07-27 08:00:00+00:00,18795,9720,19612,9730,18813,19633
2022-07-27 09:00:00+00:00,18870,9699,19615,9709,18888,19636
2022-07-27 10:00:00+00:00,19038,9870,19945,9878,19052,19962
2022-07-27 11:00:00+00:00,19242,9939,19884,9946,19254,19897
2022-07-27 12:00:00+00:00,19047,9717,19597,9723,19057,19609
2022-07-27 13:00:00+00:00,18966,9800,19778,9808,18979,19793
2022-07-27 14:00:00+00:00,19037,9661,19720,9672,19056,19742
2022-07-27 15:00:00+00:00,19228,9834,19828,9845,19247,19850
2022-07-27 16:00:00+00:00,18929,9820,19866,9833,18952,19893
2022-07-27 17:00:00+00:00,19138,9900,19835,9911,19157,19857
2022-07-27 18:00:00+00:00,19008,9840,19902,9850,19025,19922
2022-07-27 19:00:00+00:00,19245,9764,19901,9770,19257,19914
2022-07-27 20:00:00+00:00,19029,9945,20092,9948,19034,20098
2022-07-27 21:00:00+00:00,19086,9751,19910,9752,19088,19912
2022-07-27 22:00:00+00:00,19325,10049,20145,10047,19322,20141
2022-07-27 23:00:00+00:00,18960,9755,19845,9752,18955,19839
2022-07-28 00:00:00+00:00,19259,10001,19826,9997,19253,19819
2022-07-28 01:00:00+00:00,19045,9878,19806,9873,19038,19798
2022-07-28 02:00:00+00:00,18871,9691,19701,9687,18865,19694
2022-07-28 03:00:00+00:00,18907,9682,19533,9682,18907,19533
2022-07-28 04:00:00+00:00,19135,9858,19653,9860,19139,19657
2022-07-28 05:00:00+00:00,18951,9862,19734,9866,18957,19741
2022-07-28 06:00:00+00:00,18961,9679,19804,9683,18967,19811
2022-07-28 07:00:00+00:00,19011,9763,19646,9766,19016,19652
2022-07-28 08:00:00+00:00,19123,9920,19912,9922,19128,19917
2022-07-28 09:00:00+00:00,19244,9952,20103,9951,19243,20101
2022-07-28 10:00:00+00:00,19356,9946,19908,9941,19349,19900
2022-07-28 11:00:00+00:00,19271,9856,19930,9849,19259,19916
2022-07-28 12:00:00+00:00,19198,9930,19982,9923,19187,19969
2022-07-28 13:00:00+00:00,19013,9925,20002,9919,19003,19990
2022-07-28 14:00:00+00:00,19251,10000,20278,9996,19245,20271
2022-07-28 15:00:00+00:00,19207,9799,19893,9798,19206,19891
2022-07-28 16:00:00+00:00,19102,9942,20003,9942,19103,20004
2022-07-28 17:00:00+00:00,19271,9946,19880,9945,19270,19878
2022-07-28 18:00:00+00:00,19039,9765,19736,9764,19038,19734
2022-07-28 19:00:00+00:00,19505,10033,20215,10029,19498,20208
2022-07-28 20:00:00+00:00,19294,10009,20190,10002,19283,20177
2022-07-28 21:00:00+00:00,19134,9927,19895,9916,19116,19874
2022-07-28 22:00:00+00:00,19090,9859,19971,9846,19068,19946
2022-07-28 23:00:00+00:00,18917,9794,19757,9778,18891,19727
2022-07-29 00:00:00+00:00,19028,9742,19764,9725,18999,19731
2022-07-29 01:00:00+00:00,19168,9802,19886,9784,19137,19851
2022-07-29 02:00:00+00:00,19097,9729,19872,9712,19069,19840
2022-07-29 03:00:00+00:00,18991,9811,19860,9798,18970,19836
2022-07-29 04:00:00+00:00,19286,9995,20145,9984,19269,20125
2022-07-29 05:00:00+00:00,19124,10104,20185,10098,19114,20173
2022-07-29 06:00:00+00:00,18978,9753,19886,9748,18971,19878
2022-07-29 07:00:00+00:00,18829,9750,19594,9744,18820,19584
2022-07-29 08:00:00+00:00,19226,9818,20075,9812,19217,20064
2022-07-29 09:00:00+00:00,19201,9779,19698,9774,19193,19689
2022-07-29 10:00:00+00:00,19177,9855,20025,9848,19165,20011
2022-07-29 11:00:00+00:00,19239,10007,20070,9998,19224,20052
2022-07-29 12:00:00+00:00,19384,10095,20359,10086,19369,20342
2022-07-29 13:00:00+00:00,19146,9896,19895,9889,19135,19882
2022-07-29 14:00:00+00:00,19307,9979,20133,9974,19299,20123
2022-07-29 15:00:00+00:00,19425,10107,19903,10103,19419,19896
2022-07-29 16:00:00+00:00,19252,10040,20099,10039,19251,20097
2022-07-29 17:00:00+00:00,18984,9698,19641,9695,18980,19636
2022-07-29 18:00:00+00:00,19106,9779,19807,9773,19097,19796
2022-07-29 19:00:00+00:00,19247,9941,19962,9934,19236,19949
2022-07-29 20:00:00+00:00,19022,9865,19725,9855,19006,19707
2022-07-29 21:00:00+00:00,19145,9828,19885,9818,19128,19865
2022-07-29 22:00:00+00:00,19190,10051,20091,10037,19168,20066
2022-07-29 23:00:00+00:00,19181,10001,20060,9986,19156,20031
2022-07-30 00:00:00+00:00,18974,9750,19716,9735,18948,19687
2022-07-30 01:00:00+00:00,19084,9883,19954,9867,19058,19924
2022-07-30 02:00:00+00:00,19209,9804,19856,9791,19187,19831
2022-07-30 03:00:00+00:00,19100,9808,19865,9797,19082,19844
2022-07-30 04:00:00+00:00,19231,9835,19901,9828,19220,19888
2022-07-30 05:00:00+00:00,19168,9834,19986,9831,19164,19981
2022-07-30 06:00:00+00:00,19178,9794,19828,9791,19174,19823
2022-07-30 07:00:00+00:00,19065,9857,19977,9857,19066,19978
2022-07-30 08:00:00+00:00,19169,9860,19876,9858,19166,19872
2022-07-30 09:00:00+00:00,18979,9817,19878,9812,18971,19869
2022-07-30 10:00:00+00:00,19301,9994,19840,9989,19293,19831
2022-07-30 11:00:00+00:00,19096,9878,19872,9874,19090,19865
2022-07-30 12:00:00+00:00,19276,9995,20034,9993,19273,20030
2022-07-30 13:00:00+00:00,19230,9938,20136,9935,19225,20130
2022-07-30 14:00:00+00:00,19394,10133,20123,10134,19397,20126
2022-07-30 15:00:00+00:00,19075,9938,19915,9940,19079,19920
2022-07-30 16:00:00+00:00,19021,9813,19848,9819,19031,19860
2022-07-30 17:00:00+00:00,19124,9777,19826,9783,19135,19839
2022-07-30 18:00:00+00:00,19153,9919,19871,9926,19164,19884
2022-07-30 19:00:00+00:00,19141,9893,19887,9896,19146,19893
2022-07-30 20:00:00+00:00,19072,9862,19789,9862,19072,19789
2022-07-30 21:00:00+00:00,19349,9949,20004,9946,19345,19999
2022-07-30 22:00:00+00:00,19200,9861,19980,9856,19192,19970
2022-07-30 23:00:00+00:00,19212,10034,20033,10026,19200,20019
2022-07-31 00:00:00+00:00,19186,9834,20048,9827,19174,20034
2022-07-31 01:00:00+00:00,18907,9871,19904,9865,18897,19892
2022-07-31 02:00:00+00:00,19101,9764,19827,9759,19094,19819
2022-07-31 03:00:00+00:00,18877,9808,19955,9804,18871,19948
2022-07-31 04:00:00+00:00,18975,9835,19876,9835,18976,19877
2022-07-31 05:00:00+00:00,19064,9931,19834,9939,19078,19850
2022-07-31 06:00:00+00:00,18924,9773,19647,9784,18942,19668
2022-07-31 07:00:00+00:00,18865,9755,19739,9766,18884,19761
2022-07-31 08:00:00+00:00,19306,9931,20148,9939,19320,20164
2022-07-31 09:00:00+00:00,19147,9881,20010,9888,19159,20024
2022-07-31 10:00:00+00:00,19177,9980,19914,9987,19188,19927
2022-07-31 11:00:00+00:00,19274,9898,19912,9906,19289,19928
2022-07-31 12:00:00+00:00,19170,9878,19816,9886,19183,19831
2022-07-31 13:00:00+00:00,19137,9791,19717,9801,19154,19737
2022-07-31 14:00:00+00:00,19103,9796,20033,9807,19121,20054
2022-07-31 15:00:00+00:00,19216,10027,20170,10040,19237,20195
2022-07-31 16:00:00+00:00,19046,9948,19885,9960,19067,19909
2022-07-31 17:00:00+00:00,19237,9893,19973,9905,19257,19996
2022-07-31 18:00:00+00:00,19244,9904,19914,9918,19267,19941
2022-07-31 19:00:00+00:00,19124,9812,19836,9824,19144,19859
2022-07-31 20:00:00+00:00,19021,9807,19998,9819,19042,20023
2022-07-31 21:00:00+00:00,19141,9858,20054,9865,19152,20067
2022-07-31 22:00:00+00:00,18962,9785,19725,9790,18970,19735
2022-07-31 23:00:00+00:00,18991,9783,19891,9783,18992,19892
2022-08-01 00:00:00+00:00,19186,9786,19937,9790,19193,19946
2022-08-01 01:00:00+00:00,19011,9809,19757,9814,19019,19767
2022-08-01 02:00:00+00:00,19013,9884,19941,9889,19021,19951
2022-08-01 03:00:00+00:00,19009,9877,19829,9886,19025,19848
2022-08-01 04:00:00+00:00,19080,9862,19724,9874,19100,19747
2022-08-01 05:00:00+00:00,18979,9811,19702,9825,19003,19729
2022-08-01 06:00:00+00:00,18853,9782,19882,9799,18883,19917
2022-08-01 07:00:00+00:00,18903,9873,19934,9891,18933,19969
2022-08-01 08:00:00+00:00,19189,9842,19714,9860,19220,19749
2022-08-01 09:00:00+00:00,19244,9996,19876,10013,19272,19908
2022-08-01 10:00:00+00:00,19338,9989,19957,10005,19365,19987
2022-08-01 11:00:00+00:00,19048,9857,19850,9868,19067,19872
2022-08-01 12:00:00+00:00,18967,9835,19938,9846,18985,19959
2022-08-01 13:00:00+00:00,19356,10061,20051,10071,19374,20071
2022-08-01 14:00:00+00:00,19099,9835,19656,9848,19121,19681
2022-08-01 15:00:00+00:00,18986,9893,19786,9907,19010,19814
2022-08-01 16:00:00+00:00,19084,9878,20098,9893,19109,20127
2022-08-01 17:00:00+00:00,19194,10057,19966,10073,19220,19996
2022-08-01 18:00:00+00:00,19077,9767,19971,9783,19105,20003
2022-08-01 19:00:00+00:00,19406,10037,20134,10051,19430,20161
2022-08-01 20:00:00+00:00,19288,9898,20124,9906,19303,20141
2022-08-01 21:00:00+00:00,19106,9853,19789,9861,19120,19805
2022-08-01 22:00:00+00:00,19208,9842,20203,9849,19220,20217
2022-08-01 23:00:00+00:00,19194,10010,19997,10015,19202,20007
2022-08-02 00:00:00+00:00,18970,9793,19906,9797,18976,19913
2022-08-02 01:00:00+00:00,19137,9807,19811,9811,19144,19820
2022-08-02 02:00:00+00:00,19177,9938,19883,9944,19187,19895
2022-08-02 03:00:00+00:00,18850,9720,19644,9726,18861,19657
2022-08-02 04:00:00+00:00,18860,9703,19825,9712,18875,19843
2022-08-02 05:00:00+00:00,18917,9828,19802,9842,18941,19830
2022-08-02 06:00:00+00:00,19014,9846,20087,9862,19042,20120
2022-08-02 07:00:00+00:00,18922,9607,19650,9622,18949,19681
2022-08-02 08:00:00+00:00,19116,9886,20125,9901,19142,20155
2022-08-02 09:00:00+00:00,19232,9957,19958,9972,19258,19988
2022-08-02 10:00:00+00:00,19190,9880,19990,9894,19214,20018
2022-08-02 11:00:00+00:00,18930,9756,19650,9770,18954,19677
2022-08-02 12:00:00+00:00,18840,9788,20004,9802,18864,20032
2022-08-02 13:00:00+00:00,19166,9955,20003,9970,19191,20032
2022-08-02 14:00:00+00:00,19098,9822,19912,9838,19125,19943
2022-08-02 15:00:00+00:00,19125,9916,19964,9934,19155,19999
2022-08-02 16:00:00+00:00,19037,9861,19954,9879,19067,19989
2022-08-02 17:00:00+00:00,18821,9666,19808,9682,18849,19840
2022-08-02 18:00:00+00:00,19088,9637,19782,9653,19116,19814
2022-08-02 19:00:00+00:00,19145,9604,19626,9619,19172,19657
2022-08-02 20:00:00+00:00,19122,9914,20001,9928,19146,20029
2022-08-02 21:00:00+00:00,19112,9936,20130,9948,19132,20154
2022-08-02 22:00:00+00:00,19117,10121,19925,10130,19131,19942
2022-08-02 23:00:00+00:00,19311,9849,19970,9854,19321,19981
2022-08-03 00:00:00+00:00,19001,9827,19857,9832,19009,19867
2022-08-03 01:00:00+00:00,19356,10005,20015,10010,19365,20025
2022-08-03 02:00:00+00:00,19064,9907,19900,9910,19069,19906
2022-08-03 03:00:00+00:00,19264,9848,19812,9852,19272,19821
2022-08-03 04:00:00+00:00,19188,10016,19995,10024,19201,20010
2022-08-03 05:00:00+00:00,19046,9701,19659,9710,19062,19678
2022-08-03 06:00:00+00:00,19004,9830,19878,9840,19021,19898
2022-08-03 07:00:00+00:00,18951,9813,19848,9822,18967,19867
2022-08-03 08:00:00+00:00,19124,9906,19910,9913,19135,19923
2022-08-03 09:00:00+00:00,19239,9923,19978,9929,19250,19990
2022-08-03 10:00:00+00:00,19114,9899,19941,9903,19121,19950
2022-08-03 11:00:00+00:00,18869,9733,19977,9736,18874,19983
2022-08-03 12:00:00+00:00,19548,10092,20210,10093,19551,20213
2022-08-03 13:00:00+00:00,19312,9971,19996,9972,19314,19998
2022-08-03 14:00:00+00:00,19425,10207,20494,10210,19430,20499
2022-08-03 15:00:00+00:00,19127,9946,20047,9952,19137,20059
2022-08-03 16:00:00+00:00,19306,9989,20028,9994,19316,20039
2022-08-03 17:00:00+00:00,19303,9902,20092,9905,19309,20098
2022-08-03 18:00:00+00:00,19381,10067,20233,10067,19382,20234
2022-08-03 19:00:00+00:00,19254,10122,20252,10120,19251,20248
2022-08-03 20:00:00+00:00,19131,9858,20116,9854,19125,20109
2022-08-03 21:00:00+00:00,19231,9889,20041,9881,19218,20026
2022-08-03 22:00:00+00:00,19489,10095,20213,10086,19473,20195
2022-08-03 23:00:00+00:00,19466,10051,20194,10041,19449,20175
2022-08-04 00:00:00+00:00,19217,9928,19930,9916,19198,19908
2022-08-04 01:00:00+00:00,19156,9927,20095,9914,19135,20071
2022-08-04 02:00:00+00:00,19328,9875,19957,9863,19308,19934
2022-08-04 03:00:00+00:00,19221,9879,19878,9868,19203,19857
2022-08-04 04:00:00+00:00,19084,9851,19987,9844,19073,19974
2022-08-04 05:00:00+00:00,19209,9920,19845,9917,19205,19840
2022-08-04 06:00:00+00:00,19484,10199,20234,10196,19479,20228
2022-08-04 07:00:00+00:00,19101,9819,19783,9816,19096,19777
2022-08-04 08:00:00+00:00,19235,9867,20027,9864,19231,20022
2022-08-04 09:00:00+00:00,19574,10111,20236,10108,19568,20230
2022-08-04 10:00:00+00:00,19097,9901,19983,9895,19087,19971
2022-08-04 11:00:00+00:00,19176,9828,19938,9820,19163,19923
2022-08-04 12:00:00+00:00,19057,9851,20122,9843,19044,20107
2022-08-04 13:00:00+00:00,19226,9811,20169,9806,19218,20159
2022-08-04 14:00:00+00:00,19220,9886,19978,9884,19218,19975
2022-08-04 15:00:00+00:00,19375,9992,20415,9993,19377,20417
2022-08-04 16:00:00+00:00,19217,9867,19954,9866,19216,19952
2022-08-04 17:00:00+00:00,19272,9880,19961,9878,19270,19958
2022-08-04 18:00:00+00:00,19731,10260,20448,10258,19729,20445
2022-08-04 19:00:00+00:00,19406,10012,20067,10012,19406,20067
2022-08-04 20:00:00+00:00,19400,10068,20344,10062,19391,20333
2022-08-04 21:00:00+00:00,19244,9973,20036,9969,19238,20029
2022-08-04 22:00:00+00:00,19235,9925,20219,9919,19225,20207
2022-08-04 23:00:00+00:00,19526,10107,20320,10098,19510,20302
2022-08-05 00:00:00+00:00,19435,10039,20342,10028,19417,20322
2022-08-05 01:00:00+00:00,19409,9920,20074,9911,19394,20058
2022-08-05 02:00:00+00:00,19351,9876,20095,9866,19334,20075
2022-08-05 03:00:00+00:00,19229,9961,20128,9953,19216,20113
2022-08-05 04:00:00+00:00,19162,9873,19855,9868,19155,19847
2022-08-05 05:00:00+00:00,19328,10000,20144,9999,19327,20142
2022-08-05 06:00:00+00:00,19272,10066,20117,10065,19271,20115
2022-08-05 07:00:00+00:00,19146,9899,19905,9900,19148,19907
2022-08-05 08:00:00+00:00,19341,9982,20240,9984,19345,20244
2022-08-05 09:00:00+00:00,19381,9931,20114,9932,19383,20116
2022-08-05 10:00:00+00:00,19233,9820,19775,9819,19232,19773
2022-08-05 11:00:00+00:00,19427,9953,20072,9951,19424,20068
2022-08-05 12:00:00+00:00,19303,9885,20061,9883,19300,20057
2022-08-05 13:00:00+00:00,19478,10074,20142,10073,19477,20140
2022-08-05 14:00:00+00:00,19204,9910,20041,9912,19209,20046
2022-08-05 15:00:00+00:00,19471,10012,20452,10020,19485,20468
2022-08-05 16:00:00+00:00,19583,10185,20431,10194,19599,20449
2022-08-05 17:00:00+00:00,19405,10092,20148,10098,19416,20160
2022-08-05 18:00:00+00:00,19408,10002,20314,10008,19419,20326
2022-08-05 19:00:00+00:00,19549,10025,20079,10028,19555,20085
2022-08-05 20:00:00+00:00,19452,9981,20239,9983,19456,20243
2022-08-05 21:00:00+00:00,19653,10072,20266,10073,19656,20269
2022-08-05 22:00:00+00:00,19414,10013,20219,10011,19411,20215
2022-08-05 23:00:00+00:00,19329,10001,20263,9996,19322,20255
2022-08-06 00:00:00+00:00,19272,9973,20215,9966,19261,20202
2022-08-06 01:00:00+00:00,19550,10144,20332,10136,19536,20317
2022-08-06 02:00:00+00:00,19177,9975,20338,9964,19160,20318
2022-08-06 03:00:00+00:00,19312,9871,20126,9863,19299,20111
2022-08-06 04:00:00+00:00,19414,10172,20569,10166,19405,20558
2022-08-06 05:00:00+00:00,19249,9987,20103,9985,19246,20099
2022-08-06 06:00:00+00:00,19204,9992,20146,9991,19203,20144
2022-08-06 07:00:00+00:00,19236,9839,20062,9839,19236,20062
2022-08-06 08:00:00+00:00,19479,10023,20257,10022,19478,20255
2022-08-06 09:00:00+00:00,19401,9876,19992,9874,19399,19989
2022-08-06 10:00:00+00:00,19389,10122,20382,10119,19384,20376
2022-08-06 11:00:00+00:00,19470,10103,20331,10098,19461,20321
2022-08-06 12:00:00+00:00,19334,9846,20119,9839,19323,20106
2022-08-06 13:00:00+00:00,19505,10128,20241,10125,19501,20236
2022-08-06 14:00:00+00:00,19654,10047,20232,10047,19654,20232
2022-08-06 15:00:00+00:00,19731,10221,20290,10222,19734,20293
2022-08-06 16:00:00+00:00,19333,9882,20181,9884,19338,20186
2022-08-06 17:00:00+00:00,19225,9936,20175,9938,19230,20180
2022-08-06 18:00:00+00:00,19349,9944,20276,9946,19353,20280
2022-08-06 19:00:00+00:00,19585,10153,20499,10150,19579,20493
2022-08-06 20:00:00+00:00,19414,9949,20211,9944,19407,20203
2022-08-06 21:00:00+00:00,19593,10088,20293,10080,19580,20279
2022-08-06 22:00:00+00:00,19345,10011,20222,10000,19327,20201
2022-08-06 23:00:00+00:00,19157,9807,19982,9795,19137,19959
2022-08-07 00:00:00+00:00,19466,10143,20451,10126,19437,20418
2022-08-07 01:00:00+00:00,19224,9977,20096,9958,19192,20059
2022-08-07 02:00:00+00:00,19503,10181,20410,10161,19470,20373
2022-08-07 03:00:00+00:00,19335,10065,20348,10049,19309,20318
2022-08-07 04:00:00+00:00,19448,10002,20229,9989,19425,20203
2022-08-07 05:00:00+00:00,19255,9984,19993,9973,19238,19973
2022-08-07 06:00:00+00:00,19438,10052,20164,10041,19420,20144
2022-08-07 07:00:00+00:00,19335,9973,20153,9962,19318,20133
2022-08-07 08:00:00+00:00,19513,10088,20163,10080,19499,20148
2022-08-07 09:00:00+00:00,19290,9985,20209,9978,19279,20196
2022-08-07 10:00:00+00:00,19410,10080,20333,10071,19395,20316
2022-08-07 11:00:00+00:00,19561,9984,20110,9974,19544,20091
2022-08-07 12:00:00+00:00,19501,10026,20209,10015,19482,20188
2022-08-07 13:00:00+00:00,19741,10181,20308,10170,19723,20288
2022-08-07 14:00:00+00:00,19268,9890,20082,9884,19259,20071
2022-08-07 15:00:00+00:00,19425,10055,20354,10050,19417,20344
2022-08-07 16:00:00+00:00,19486,10032,20199,10026,19476,20188
2022-08-07 17:00:00+00:00,19132,9865,20053,9863,19130,20050
2022-08-07 18:00:00+00:00,19338,9947,20080,9941,19329,20069
2022-08-07 19:00:00+00:00,19579,10117,20149,10109,19565,20134
2022-08-07 20:00:00+00:00,19406,10061,20277,10052,19390,20259
2022-08-07 21:00:00+00:00,19281,10069,20098,10060,19266,20080
2022-08-07 22:00:00+00:00,19503,10096,20281,10087,19487,20263
2022-08-07 23:00:00+00:00,19227,9860,20017,9849,19209,19996
2022-08-08 00:00:00+00:00,19100,9841,20072,9829,19081,20050
2022-08-08 01:00:00+00:00,19252,9934,19952,9922,19232,19929
2022-08-08 02:00:00+00:00,19085,9995,20043,9983,19066,20021
2022-08-08 03:00:00+00:00,19512,9971,19858,9961,19495,19840
2022-08-08 04:00:00+00:00,19071,9792,19746,9785,19059,19732
2022-08-08 05:00:00+00:00,18990,9940,19942,9935,18983,19934
2022-08-08 06:00:00+00:00,18880,9861,19801,9859,18877,19797
2022-08-08 07:00:00+00:00,19208,9975,20002,9973,19206,19999
2022-08-08 08:00:00+00:00,19141,9974,20029,9970,19135,20022
2022-08-08 09:00:00+00:00,19455,10042,20121,10036,19444,20109
2022-08-08 10:00:00+00:00,19251,9827,19825,9820,19240,19812
2022-08-08 11:00:00+00:00,19296,9807,19786,9800,19284,19772
2022-08-08 12:00:00+00:00,19240,9915,19865,9909,19231,19854
2022-08-08 13:00:00+00:00,19207,9824,20032,9822,19204,20028
2022-08-08 14:00:00+00:00,19273,9901,19959,9901,19274,19960
2022-08-08 15:00:00+00:00,19277,9962,19861,9964,19281,19865
2022-08-08 16:00:00+00:00,19269,9962,19916,9965,19275,19922
2022-08-08 17:00:00+00:00,18974,9726,19768,9729,18979,19774
2022-08-08 18:00:00+00:00,19248,9882,19991,9886,19255,19998
2022-08-08 19:00:00+00:00,19143,9877,19971,9878,19145,19973
2022-08-08 20:00:00+00:00,19418,9920,19819,9918,19416,19816
2022-08-08 21:00:00+00:00,19352,9934,19918,9928,19343,19907
2022-08-08 22:00:00+00:00,19236,9990,19871,9981,19222,19855
2022-08-08 23:00:00+00:00,19203,9944,19978,9933,19185,19957
2022-08-09 00:00:00+00:00,19375,9947,20059,9934,19353,20035
2022-08-09 01:00:00+00:00,19248,9977,19849,9964,19227,19825
2022-08-09 02:00:00+00:00,19403,10048,20095,10033,19378,20067
2022-08-09 03:00:00+00:00,19200,9686,19713,9677,19185,19696
2022-08-09 04:00:00+00:00,19181,9923,19929,9919,19175,19922
2022-08-09 05:00:00+00:00,19073,9953,20074,9953,19073,20074
2022-08-09 06:00:00+00:00,19551,10157,20288,10155,19549,20285
2022-08-09 07:00:00+00:00,18860,9784,19652,9783,18859,19650
2022-08-09 08:00:00+00:00,19127,9871,20099,9869,19124,20095
2022-08-09 09:00:00+00:00,19164,9812,19914,9806,19155,19903
2022-08-09 10:00:00+00:00,19224,9889,19770,9883,19214,19758
2022-08-09 11:00:00+00:00,19245,9993,20167,9986,19234,20154
2022-08-09 12:00:00+00:00,19127,9838,19958,9831,19116,19945
2022-08-09 13:00:00+00:00,19087,9752,19690,9747,19079,19681
2022-08-09 14:00:00+00:00,19202,9872,20046,9869,19198,20041
2022-08-09 15:00:00+00:00,19294,9982,20011,9982,19295,20012
2022-08-09 16:00:00+00:00,19255,9960,20153,9961,19257,20155
2022-08-09 17:00:00+00:00,19251,9971,20070,9972,19253,20072
2022-08-09 18:00:00+00:00,18983,9745,19779,9746,18985,19781
2022-08-09 19:00:00+00:00,19185,10020,20033,10021,19187,20035
2022-08-09 20:00:00+00:00,19007,9880,19998,9878,19004,19994
2022-08-09 21:00:00+00:00,19337,10013,20062,10008,19329,20052
2022-08-09 22:00:00+00:00,18980,9774,19869,9766,18967,19854
2022-08-09 23:00:00+00:00,19094,9874,19863,9864,19078,19845
2022-08-10 00:00:00+00:00,18807,9744,19635,9733,18789,19615
2022-08-10 01:00:00+00:00,18964,9836,19947,9825,18946,19926
2022-08-10 02:00:00+00:00,19105,9736,19637,9726,19088,19618
2022-08-10 03:00:00+00:00,18966,9793,19727,9787,18956,19715
2022-08-10 04:00:00+00:00,19050,9919,19815,9916,19046,19810
2022-08-10 05:00:00+00:00,18889,9781,19640,9784,18894,19646
2022-08-10 06:00:00+00:00,19148,9902,19793,9909,19159,19806
2022-08-10 07:00:00+00:00,19124,9877,19902,9883,19134,19914
2022-08-10 08:00:00+00:00,19147,9872,19849,9877,19156,19860
2022-08-10 09:00:00+00:00,19165,9893,20004,9899,19175,20016
2022-08-10 10:00:00+00:00,18867,9743,19819,9748,18875,19829
2022-08-10 11:00:00+00:00,18931,9782,19899,9787,18939,19909
2022-08-10 12:00:00+00:00,19043,9861,19872,9865,19049,19879
2022-08-10 13:00:00+00:00,19124,9939,19793,9944,19133,19804
2022-08-10 14:00:00+00:00,19268,9985,19925,9995,19285,19944
2022-08-10 15:00:00+00:00,19002,9848,19934,9860,19023,19958
2022-08-10 16:00:00+00:00,19023,9705,19559,9717,19044,19583
2022-08-10 17:00:00+00:00,18945,9643,19408,9656,18967,19433
2022-08-10 18:00:00+00:00,19103,9866,19577,9879,19125,19602
2022-08-10 19:00:00+00:00,18969,9685,19689,9697,18989,19712
2022-08-10 20:00:00+00:00,18859,9606,19820,9617,18879,19843
2022-08-10 21:00:00+00:00,18966,9904,19930,9914,18983,19950
2022-08-10 22:00:00+00:00,18887,9644,19625,9652,18900,19640
2022-08-10 23:00:00+00:00,18933,9743,19677,9748,18941,19687
2022-08-11 00:00:00+00:00,19048,9836,19733,9840,19054,19740
2022-08-11 01:00:00+00:00,18808,9832,19851,9836,18814,19858
2022-08-11 02:00:00+00:00,19043,9792,19751,9796,19049,19758
2022-08-11 03:00:00+00:00,18953,9699,19747,9707,18967,19763
2022-08-11 04:00:00+00:00,18905,9799,19975,9808,18920,19993
2022-08-11 05:00:00+00:00,18987,9817,19837,9828,19005,19858
2022-08-11 06:00:00+00:00,19119,9782,19622,9795,19141,19647
2022-08-11 07:00:00+00:00,19229,9867,19843,9881,19252,19870
2022-08-11 08:00:00+00:00,19155,9834,19878,9846,19175,19901
2022-08-11 09:00:00+00:00,19089,9908,19878,9919,19108,19900
2022-08-11 10:00:00+00:00,19074,9803,19836,9811,19088,19852
2022-08-11 11:00:00+00:00,18776,9533,19715,9540,18788,19729
2022-08-11 12:00:00+00:00,19280,9814,19979,9823,19297,19998
2022-08-11 13:00:00+00:00,19242,9990,20109,10000,19259,20129
2022-08-11 14:00:00+00:00,19310,9839,19932,9851,19331,19955
2022-08-11 15:00:00+00:00,19496,10079,20326,10092,19518,20351
2022-08-11 16:00:00+00:00,19157,9822,19852,9835,19179,19877
2022-08-11 17:00:00+00:00,19158,9946,20020,9957,19176,20041
2022-08-11 18:00:00+00:00,18815,9561,19461,9570,18830,19478
2022-08-11 19:00:00+00:00,18914,9723,19903,9732,18930,19922
2022-08-11 20:00:00+00:00,18966,9754,19777,9761,18978,19791
2022-08-11 21:00:00+00:00,19127,9916,19986,9922,19137,19998
2022-08-11 22:00:00+00:00,18922,9730,19743,9734,18928,19750
2022-08-11 23:00:00+00:00,19068,9791,19938,9791,19069,19939
2022-08-12 00:00:00+00:00,18765,9644,19515,9641,18760,19509
2022-08-12 01:00:00+00:00,18982,9839,19829,9834,18975,19821
2022-08-12 02:00:00+00:00,19101,9857,19855,9852,19093,19846
2022-08-12 03:00:00+00:00,18857,9709,19605,9709,18857,19605
2022-08-12 04:00:00+00:00,18982,9828,19854,9829,18984,19857
2022-08-12 05:00:00+00:00,18948,9694,19506,9699,18956,19516
2022-08-12 06:00:00+00:00,19038,9861,19768,9865,19044,19775
2022-08-12 07:00:00+00:00,19224,9837,19876,9841,19232,19885
2022-08-12 08:00:00+00:00,18867,9748,19841,9750,18870,19845
2022-08-12 09:00:00+00:00,19229,9950,19971,9950,19230,19972
2022-08-12 10:00:00+00:00,19630,10114,20036,10114,19630,20036
2022-08-12 11:00:00+00:00,19092,9882,19996,9880,19090,19993
2022-08-12 12:00:00+00:00,19150,9894,20051,9892,19147,20047
2022-08-12 13:00:00+00:00,19053,9745,19852,9744,19052,19850
2022-08-12 14:00:00+00:00,19102,9847,19996,9849,19106,20000
2022-08-12 15:00:00+00:00,19305,10045,19910,10048,19310,19915
2022-08-12 16:00:00+00:00,19192,9943,19728,9947,19200,19737
2022-08-12 17:00:00+00:00,19120,9976,19928,9979,19125,19934
2022-08-12 18:00:00+00:00,19041,9843,19947,9846,19046,19953
2022-08-12 19:00:00+00:00,19249,9927,19992,9927,19249,19992
2022-08-12 20:00:00+00:00,18946,9706,19655,9703,18942,19650
2022-08-12 21:00:00+00:00,18917,9733,19779,9728,18910,19771
2022-08-12 22:00:00+00:00,19248,9922,19762,9914,19236,19748
2022-08-12 23:00:00+00:00,19067,9856,19866,9844,19048,19844
2022-08-13 00:00:00+00:00,19198,9940,19824,9927,19177,19800
2022-08-13 01:00:00+00:00,19435,10030,20234,10016,19412,20208
2022-08-13 02:00:00+00:00,19234,9961,20065,9948,19212,20040
2022-08-13 03:00:00+00:00,19122,9898,19951,9886,19103,19929
2022-08-13 04:00:00+00:00,19239,9885,20110,9878,19228,20097
2022-08-13 05:00:00+00:00,19251,9875,20037,9872,19246,20031
2022-08-13 06:00:00+00:00,19275,9956,20015,9956,19275,20015
2022-08-13 07:00:00+00:00,19193,10022,20263,10023,19195,20265
2022-08-13 08:00:00+00:00,19115,9899,20010,9899,19116,20011
2022-08-13 09:00:00+00:00,19093,9799,19858,9797,19091,19855
2022-08-13 10:00:00+00:00,19082,9687,19653,9684,19078,19648
2022-08-13 11:00:00+00:00,19277,9954,20162,9951,19272,20156
2022-08-13 12:00:00+00:00,19310,9913,19972,9911,19307,19968
2022-08-13 13:00:00+00:00,19262,9815,19895,9814,19261,19893
2022-08-13 14:00:00+00:00,19228,9825,19796,9825,19228,19796
2022-08-13 15:00:00+00:00,19223,9936,20066,9937,19225,20068
2022-08-13 16:00:00+00:00,19197,9863,19783,9863,19197,19783
2022-08-13 17:00:00+00:00,19257,9984,19870,9984,19257,19870
2022-08-13 18:00:00+00:00,19043,9781,19918,9782,19045,19920
2022-08-13 19:00:00+00:00,19170,9812,19828,9812,19170,19828
2022-08-13 20:00:00+00:00,19553,9918,20046,9915,19548,20041
2022-08-13 21:00:00+00:00,19192,9890,20099,9885,19184,20089
2022-08-13 22:00:00+00:00,19199,9844,20038,9838,19189,20026
2022-08-13 23:00:00+00:00,19354,10033,20112,10025,19342,20098
2022-08-14 00:00:00+00:00,19405,10025,20060,10016,19389,20043
2022-08-14 01:00:00+00:00,19247,9830,19945,9818,19228,19923
2022-08-14 02:00:00+00:00,19346,9923,19818,9913,19329,19798
2022-08-14 03:00:00+00:00,19311,9891,19813,9885,19302,19802
2022-08-14 04:00:00+00:00,19308,9905,20100,9903,19306,20097
2022-08-14 05:00:00+00:00,19296,10000,20028,10002,19301,20033
2022-08-14 06:00:00+00:00,19048,9848,19959,9850,19051,19963
2022-08-14 07:00:00+00:00,19014,9747,19812,9749,19017,19816
2022-08-14 08:00:00+00:00,19099,9777,19929,9777,19099,19929
2022-08-14 09:00:00+00:00,19170,9984,20199,9983,19169,20197
2022-08-14 10:00:00+00:00,19559,10072,20126,10070,19557,20123
2022-08-14 11:00:00+00:00,19430,10125,20130,10120,19423,20122
2022-08-14 12:00:00+00:00,19314,9940,20130,9935,19306,20120
2022-08-14 13:00:00+00:00,19129,9870,19977,9865,19122,19969
2022-08-14 14:00:00+00:00,19190,9921,20152,9919,19187,20148
2022-08-14 15:00:00+00:00,19518,10158,20095,10157,19517,20093
2022-08-14 16:00:00+00:00,19288,10048,20486,10047,19287,20484
2022-08-14 17:00:00+00:00,19407,10043,20315,10041,19405,20312
2022-08-14 18:00:00+00:00,19253,9929,20022,9925,19247,20015
2022-08-14 19:00:00+00:00,19249,9921,20126,9915,19239,20114
2022-08-14 20:00:00+00:00,19403,9866,20015,9859,19390,20001
2022-08-14 21:00:00+00:00,19095,9970,19995,9961,19080,19978
2022-08-14 22:00:00+00:00,19343,9982,20245,9971,19325,20224
2022-08-14 23:00:00+00:00,19440,9875,20020,9861,19416,19993
2022-08-15 00:00:00+00:00,19443,10059,20325,10044,19417,20296
2022-08-15 01:00:00+00:00,19211,9949,20094,9932,19183,20062
2022-08-15 02:00:00+00:00,19333,9953,20066,9935,19304,20033
2022-08-15 03:00:00+00:00,19609,10053,20201,10037,19582,20171
2022-08-15 04:00:00+00:00,19304,9921,20231,9907,19281,20204
2022-08-15 05:00:00+00:00,19254,9878,20163,9866,19235,20141
2022-08-15 06:00:00+00:00,19233,9829,19969,9819,19216,19949
2022-08-15 07:00:00+00:00,19409,9945,20126,9936,19393,20108
2022-08-15 08:00:00+00:00,19413,9876,20118,9867,19397,20100
2022-08-15 09:00:00+00:00,19366,9971,20212,9959,19347,20190
2022-08-15 10:00:00+00:00,19813,10251,20568,10237,19789,20541
2022-08-15 11:00:00+00:00,19826,10147,20329,10132,19800,20300
2022-08-15 12:00:00+00:00,19459,10101,20418,10084,19430,20385
2022-08-15 13:00:00+00:00,19653,10163,20436,10146,19624,20403
2022-08-15 14:00:00+00:00,19686,10137,20134,10120,19657,20102
2022-08-15 15:00:00+00:00,19487,10027,20273,10009,19457,20239
2022-08-15 16:00:00+00:00,19575,10089,20308,10072,19547,20276
2022-08-15 17:00:00+00:00,19537,10164,20407,10147,19509,20375
2022-08-15 18:00:00+00:00,19390,10069,20377,10051,19360,20343
2022-08-15 19:00:00+00:00,19475,10020,20306,10002,19444,20271
2022-08-15 20:00:00+00:00,19457,10076,20158,10056,19424,20121
2022-08-15 21:00:00+00:00,19570,10057,20216,10035,19533,20174
2022-08-15 22:00:00+00:00,19598,10133,20319,10109,19558,20274
2022-08-15 23:00:00+00:00,19345,10032,20432,10004,19298,20377
2022-08-16 00:00:00+00:00,19396,9980,20109,9950,19345,20052
2022-08-16 01:00:00+00:00,19490,10073,20372,10043,19439,20314
2022-08-16 02:00:00+00:00,19561,10240,20480,10210,19512,20424
2022-08-16 03:00:00+00:00,19616,10159,20414,10134,19574,20366
2022-08-16 04:00:00+00:00,19567,10091,20311,10070,19531,20270
2022-08-16 05:00:00+00:00,19534,10107,20517,10088,19502,20481
2022-08-16 06:00:00+00:00,19590,10207,20355,10188,19559,20320
2022-08-16 07:00:00+00:00,19351,10051,20229,10032,19320,20193
2022-08-16 08:00:00+00:00,19603,10066,20350,10046,19570,20313
2022-08-16 09:00:00+00:00,19501,10069,20313,10047,19464,20271
2022-08-16 10:00:00+00:00,19522,10079,20311,10056,19484,20268
2022-08-16 11:00:00+00:00,19574,10185,20479,10163,19537,20437
2022-08-16 12:00:00+00:00,19710,10129,20346,10103,19667,20297
2022-08-16 13:00:00+00:00,19782,10240,20616,10215,19740,20568
2022-08-16 14:00:00+00:00,19758,10185,20399,10161,19718,20354
2022-08-16 15:00:00+00:00,19522,9944,20400,9919,19480,20352
2022-08-16 16:00:00+00:00,19474,10082,20326,10058,19433,20280
2022-08-16 17:00:00+00:00,19571,10115,20446,10090,19529,20398
2022-08-16 18:00:00+00:00,19472,10044,20374,10020,19431,20327
2022-08-16 19:00:00+00:00,19332,9982,20239,9960,19295,20196
2022-08-16 20:00:00+00:00,19757,10061,20385,10037,19716,20338
2022-08-16 21:00:00+00:00,19344,10089,20338,10062,19300,20287
2022-08-16 22:00:00+00:00,19325,10094,20383,10064,19276,20326
2022-08-16 23:00:00+00:00,19565,10115,20495,10083,19512,20434
2022-08-17 00:00:00+00:00,19649,10256,20608,10222,19592,20542
2022-08-17 01:00:00+00:00,19420,9979,20254,9946,19364,20190
2022-08-17 02:00:00+00:00,19223,9970,20210,9940,19173,20152
2022-08-17 03:00:00+00:00,19684,10090,20241,10064,19641,20192
2022-08-17 04:00:00+00:00,19662,10102,20408,10081,19626,20367
2022-08-17 05:00:00+00:00,19394,10051,20245,10034,19365,20212
2022-08-17 06:00:00+00:00,19043,9878,19993,9865,19021,19968
2022-08-17 07:00:00+00:00,19714,10142,20348,10129,19692,20323
2022-08-17 08:00:00+00:00,19282,9941,19984,9926,19257,19955
2022-08-17 09:00:00+00:00,19139,9835,20127,9821,19115,20099
2022-08-17 10:00:00+00:00,18987,9820,20053,9807,18966,20029
2022-08-17 11:00:00+00:00,19450,10054,20250,10041,19428,20225
2022-08-17 12:00:00+00:00,19362,9983,20191,9970,19340,20165
2022-08-17 13:00:00+00:00,19307,10096,20422,10084,19288,20400
2022-08-17 14:00:00+00:00,19638,10079,20297,10070,19622,20279
2022-08-17 15:00:00+00:00,19727,10119,20193,10110,19712,20177
2022-08-17 16:00:00+00:00,19337,10064,20145,10057,19326,20132
2022-08-17 17:00:00+00:00,19367,10006,20338,9999,19356,20325
2022-08-17 18:00:00+00:00,19101,9940,20163,9932,19088,20148
2022-08-17 19:00:00+00:00,19137,9915,20043,9907,19125,20029
2022-08-17 20:00:00+00:00,19641,10122,20144,10113,19625,20126
2022-08-17 21:00:00+00:00,19281,9952,20157,9942,19264,20137
2022-08-17 22:00:00+00:00,19369,10106,20199,10094,19349,20177
2022-08-17 23:00:00+00:00,19346,10055,20126,10041,19323,20099
2022-08-18 00:00:00+00:00,19427,10103,20360,10088,19401,20331
2022-08-18 01:00:00+00:00,19282,9996,20129,9980,19255,20098
2022-08-18 02:00:00+00:00,19010,9908,19990,9892,18984,19960
2022-08-18 03:00:00+00:00,19287,10021,20184,10009,19268,20162
2022-08-18 04:00:00+00:00,19012,9792,19728,9787,19005,19720
2022-08-18 05:00:00+00:00,19320,10090,20012,10090,19320,20012
2022-08-18 06:00:00+00:00,19256,9955,19949,9955,19256,19949
2022-08-18 07:00:00+00:00,19412,10104,20155,10104,19413,20156
2022-08-18 08:00:00+00:00,19151,9760,19916,9760,19151,19916
2022-08-18 09:00:00+00:00,19319,9852,19893,9852,19320,19894
2022-08-18 10:00:00+00:00,18984,9747,19783,9747,18984,19783
2022-08-18 11:00:00+00:00,18982,9757,19788,9755,18980,19785
2022-08-18 12:00:00+00:00,19102,9882,20149,9879,19098,20144
2022-08-18 13:00:00+00:00,19349,9945,19998,9942,19345,19993
2022-08-18 14:00:00+00:00,19213,9925,20009,9926,19215,20011
2022-08-18 15:00:00+00:00,19203,9959,20037,9961,19207,20041
2022-08-18 16:00:00+00:00,18836,9749,19766,9750,18837,19768
2022-08-18 17:00:00+00:00,19126,9804,20115,9805,19129,20118
2022-08-18 18:00:00+00:00,19417,10003,20308,10004,19419,20310
2022-08-18 19:00:00+00:00,19234,10010,19837,10009,19233,19835
2022-08-18 20:00:00+00:00,19108,9732,19765,9728,19102,19758
2022-08-18 21:00:00+00:00,19127,9921,20176,9915,19118,20165
2022-08-18 22:00:00+00:00,19488,10117,20309,10108,19473,20292
2022-08-18 23:00:00+00:00,19356,10093,20201,10081,19336,20178
2022-08-19 00:00:00+00:00,19514,10130,20376,10115,19489,20348
2022-08-19 01:00:00+00:00,19140,9839,20041,9824,19115,20012
2022-08-19 02:00:00+00:00,19381,10051,20143,10035,19354,20113
2022-08-19 03:00:00+00:00,19133,9892,19986,9879,19112,19962
2022-08-19 04:00:00+00:00,19249,10037,20198,10028,19234,20180
2022-08-19 05:00:00+00:00,19119,9979,20173,9971,19107,20159
2022-08-19 06:00:00+00:00,19334,10092,19948,10084,19321,19933
2022-08-19 07:00:00+00:00,19093,9842,20159,9833,19078,20141
2022-08-19 08:00:00+00:00,19398,10047,20109,10036,19380,20089
2022-08-19 09:00:00+00:00,19252,9952,19893,9937,19228,19866
2022-08-19 10:00:00+00:00,19213,10034,20153,10017,19185,20121
2022-08-19 11:00:00+00:00,19151,9847,19875,9830,19122,19842
2022-08-19 12:00:00+00:00,19398,9968,20148,9950,19367,20113
2022-08-19 13:00:00+00:00,19293,10025,20105,10007,19264,20072
2022-08-19 14:00:00+00:00,19346,9810,19771,9793,19317,19738
2022-08-19 15:00:00+00:00,19127,9798,20094,9782,19100,20063
2022-08-19 16:00:00+00:00,19393,10131,20205,10113,19363,20171
2022-08-19 17:00:00+00:00,19151,9879,20008,9859,19117,19969
2022-08-19 18:00:00+00:00,19327,9981,20062,9959,19290,20020
2022-08-19 19:00:00+00:00,19132,9953,20042,9929,19092,19996
2022-08-19 20:00:00+00:00,19179,10054,20122,10026,19133,20069
2022-08-19 21:00:00+00:00,19335,9962,20183,9930,19282,20122
2022-08-19 22:00:00+00:00,19420,9940,20053,9907,19363,19989
2022-08-19 23:00:00+00:00,19489,10188,20387,10149,19424,20313
2022-08-20 00:00:00+00:00,19275,9951,20296,9911,19208,20219
2022-08-20 01:00:00+00:00,19427,10076,20105,10035,19358,20027
2022-08-20 02:00:00+00:00,19134,9783,19986,9745,19069,19912
2022-08-20 03:00:00+00:00,19213,9836,19882,9802,19156,19817
2022-08-20 04:00:00+00:00,19177,9790,19697,9759,19125,19639
2022-08-20 05:00:00+00:00,19185,9977,20090,9950,19140,20038
2022-08-20 06:00:00+00:00,19175,9961,19865,9935,19132,19816
2022-08-20 07:00:00+00:00,18974,9646,19450,9620,18930,19401
2022-08-20 08:00:00+00:00,19080,9909,20049,9882,19035,19997
2022-08-20 09:00:00+00:00,19150,9992,20195,9964,19104,20142
2022-08-20 10:00:00+00:00,19049,9737,19853,9709,19002,19800
2022-08-20 11:00:00+00:00,19097,9879,19966,9852,19052,19915
2022-08-20 12:00:00+00:00,18976,9866,20055,9842,18935,20008
2022-08-20 13:00:00+00:00,19083,9779,19795,9758,19047,19754
2022-08-20 14:00:00+00:00,19276,9817,19848,9799,19245,19813
2022-08-20 15:00:00+00:00,19403,10001,19929,9986,19377,19900
2022-08-20 16:00:00+00:00,19154,9913,19944,9901,19134,19921
2022-08-20 17:00:00+00:00,19227,9968,19964,9958,19210,19944
2022-08-20 18:00:00+00:00,19100,9840,19814,9832,19087,19799
2022-08-20 19:00:00+00:00,19082,9793,20022,9784,19067,20005
2022-08-20 20:00:00+00:00,18943,9681,19673,9670,18924,19651
2022-08-20 21:00:00+00:00,19100,9822,19912,9809,19078,19887
2022-08-20 22:00:00+00:00,19264,9997,20129,9980,19236,20097
2022-08-20 23:00:00+00:00,19450,10071,20038,10052,19418,20002
2022-08-21 00:00:00+00:00,19087,10076,20291,10058,19057,20256
2022-08-21 01:00:00+00:00,18948,9974,19784,9958,18921,19753
2022-08-21 02:00:00+00:00,19046,9932,20139,9916,19020,20109
2022-08-21 03:00:00+00:00,19053,9858,19886,9847,19035,19865
2022-08-21 04:00:00+00:00,19314,9872,19853,9868,19308,19846
2022-08-21 05:00:00+00:00,19070,9795,19995,9795,19071,19996
2022-08-21 06:00:00+00:00,19139,9972,20184,9973,19141,20186
2022-08-21 07:00:00+00:00,19107,9770,19869,9771,19110,19872
2022-08-21 08:00:00+00:00,19072,9708,19677,9712,19078,19684
2022-08-21 09:00:00+00:00,18925,9813,19804,9815,18929,19809
2022-08-21 10:00:00+00:00,19004,9755,19727,9758,19009,19733
2022-08-21 11:00:00+00:00,19227,9894,20074,9898,19235,20083
2022-08-21 12:00:00+00:00,19063,9886,19915,9892,19073,19927
2022-08-21 13:00:00+00:00,19029,9847,19599,9858,19047,19620
2022-08-21 14:00:00+00:00,19087,9809,19865,9825,19114,19896
2022-08-21 15:00:00+00:00,19093,9672,19774,9690,19125,19811
2022-08-21 16:00:00+00:00,19074,9920,20028,9942,19112,20072
2022-08-21 17:00:00+00:00,19110,9781,19774,9806,19153,19823
2022-08-21 18:00:00+00:00,18697,9484,19519,9509,18741,19570
2022-08-21 19:00:00+00:00,18932,9846,19826,9871,18975,19875
2022-08-21 20:00:00+00:00,18709,9725,19701,9746,18744,19742
2022-08-21 21:00:00+00:00,18969,9800,19716,9817,18998,19749
2022-08-21 22:00:00+00:00,19033,9878,19847,9892,19056,19874
2022-08-21 23:00:00+00:00,19031,9916,19914,9926,19047,19933
2022-08-22 00:00:00+00:00,19066,9707,19603,9713,19077,19616
2022-08-22 01:00:00+00:00,18865,9656,19796,9661,18874,19807
2022-08-22 02:00:00+00:00,18776,9702,19510,9708,18786,19522
2022-08-22 03:00:00+00:00,18916,9781,19639,9790,18931,19656
2022-08-22 04:00:00+00:00,18886,9615,19585,9626,18906,19608
2022-08-22 05:00:00+00:00,18786,9674,19642,9689,18812,19672
2022-08-22 06:00:00+00:00,18817,9604,19702,9619,18843,19732
2022-08-22 07:00:00+00:00,19102,9780,19768,9795,19128,19798
2022-08-22 08:00:00+00:00,18856,9880,19850,9894,18880,19878
2022-08-22 09:00:00+00:00,19074,9911,20078,9923,19095,20103
2022-08-22 10:00:00+00:00,18958,9758,19837,9770,18979,19861
2022-08-22 11:00:00+00:00,19175,9857,19809,9869,19196,19833
2022-08-22 12:00:00+00:00,18851,9730,19527,9745,18876,19555
2022-08-22 13:00:00+00:00,18912,9763,19663,9775,18933,19687
2022-08-22 14:00:00+00:00,18938,9752,19553,9768,18965,19584
2022-08-22 15:00:00+00:00,18846,9714,19575,9732,18877,19610
2022-08-22 16:00:00+00:00,19034,9850,19846,9869,19066,19883
2022-08-22 17:00:00+00:00,19174,9957,19805,9977,19207,19843
2022-08-22 18:00:00+00:00,18877,9682,19582,9701,18910,19619
2022-08-22 19:00:00+00:00,19082,9858,19849,9874,19109,19880
2022-08-22 20:00:00+00:00,18877,9797,19707,9806,18893,19726
2022-08-22 22:00:00+00:00,19254,9869,19897,9870,19256,19899
2022-08-22 23:00:00+00:00,19119,9878,19838,9874,19113,19831
2022-08-23 00:00:00+00:00,19103,9798,19854,9791,19091,19840
2022-08-23 01:00:00+00:00,19012,9797,19851,9787,18996,19833
2022-08-23 02:00:00+00:00,19030,9872,19972,9862,19014,19953
2022-08-23 03:00:00+00:00,19128,9818,19944,9809,19113,19927
2022-08-23 04:00:00+00:00,18947,9804,19767,9797,18936,19754
2022-08-23 05:00:00+00:00,19527,10132,20281,10126,19516,20269
2022-08-23 06:00:00+00:00,19082,9864,19870,9857,19071,19857
2022-08-23 07:00:00+00:00,19285,9923,20007,9914,19270,19990
2022-08-23 08:00:00+00:00,19081,9839,19875,9828,19063,19854
2022-08-23 09:00:00+00:00,19188,9845,19994,9832,19166,19969
2022-08-23 10:00:00+00:00,19271,10012,20021,9994,19242,19988
2022-08-23 11:00:00+00:00,19342,9979,20046,9958,19307,20006
2022-08-23 12:00:00+00:00,19538,10092,20282,10069,19500,20239
2022-08-23 13:00:00+00:00,19281,9804,19865,9783,19246,19825
2022-08-23 14:00:00+00:00,19176,9845,19920,9824,19140,19879
2022-08-23 15:00:00+00:00,19218,9945,20187,9924,19183,20147
2022-08-23 16:00:00+00:00,18928,9817,19722,9796,18892,19681
2022-08-23 17:00:00+00:00,19081,9881,20049,9857,19041,20003
